{
    "timestamp": "2025-07-01T00:00:00",
    "type": "Electronics",
    "data": {
        "revenue": 288.31012804078904,
        "product_lines": {
            "Semiconductors": {
                "revenue": 84.4820621151485,
                "market_share": 0.11949707327133,
                "capacity_utilization": 0.98,
                "technology_node": "28nm",
                "r_and_d_investment": 8.5
            },
            "IGBT_Modules": {
                "revenue": 75.80805126089935,
                "market_share": 0.2268127524024801,
                "capacity_utilization": 0.98,
                "efficiency_rating": 0.98,
                "automotive_share": 0.75
            },
            "Power_Management": {
                "revenue": 60.355453000968886,
                "market_share": 0.12346788065829177,
                "capacity_utilization": 0.98,
                "product_portfolio": [
                    "DC-DC",
                    "AC-DC",
                    "Wireless_Charging"
                ],
                "efficiency_improvement": 0.03
            },
            "Sensors_IoT": {
                "revenue": 67.66456166377233,
                "market_share": 0.13377990564973752,
                "capacity_utilization": 0.98,
                "ai_integration": 0.45,
                "automotive_grade": 0.68
            }
        },
        "manufacturing": {
            "facilities": {
                "Shenzhen": {
                    "capacity": 100,
                    "utilization": 0.18263477954382448,
                    "technology": "Advanced"
                },
                "Xian": {
                    "capacity": 80,
                    "utilization": 0.18780073987123064,
                    "technology": "Standard"
                },
                "Changsha": {
                    "capacity": 60,
                    "utilization": 0.16441370287671037,
                    "technology": "Emerging"
                }
            },
            "quality_metrics": {
                "defect_rate": 0.0011109783308033748,
                "yield_rate": 0.979740544413809,
                "customer_satisfaction": 0.9307808684762309
            }
        },
        "innovation": {
            "patents_filed": 3061,
            "r_and_d_staff": 12505,
            "technology_roadmap": {
                "next_gen_semiconductors": 0.9039954231970319,
                "ai_chips": 0.5531332148334359,
                "quantum_sensors": 0.3302152960002749
            }
        },
        "market_dynamics": {
            "competition_intensity": 0.7825970036723714,
            "price_pressure": 0.6365930947283002,
            "demand_growth": 0.10728302653520479,
            "supply_chain_stability": 0.6775103203180896
        }
    },
    "performance_metrics": {
        "financial": {
            "total_revenue": 288.31012804078904
        },
        "product_line_performance": {
            "Semiconductors": {
                "revenue": 84.4820621151485,
                "market_share": 0.11949707327133,
                "capacity_utilization": 0.98,
                "technology_node": "28nm",
                "r_and_d_investment": 8.5
            },
            "IGBT_Modules": {
                "revenue": 75.80805126089935,
                "market_share": 0.2268127524024801,
                "capacity_utilization": 0.98,
                "efficiency_rating": 0.98,
                "automotive_share": 0.75
            },
            "Power_Management": {
                "revenue": 60.355453000968886,
                "market_share": 0.12346788065829177,
                "capacity_utilization": 0.98,
                "product_portfolio": [
                    "DC-DC",
                    "AC-DC",
                    "Wireless_Charging"
                ],
                "efficiency_improvement": 0.03
            },
            "Sensors_IoT": {
                "revenue": 67.66456166377233,
                "market_share": 0.13377990564973752,
                "capacity_utilization": 0.98,
                "ai_integration": 0.45,
                "automotive_grade": 0.68
            }
        },
        "manufacturing_efficiency": {
            "avg_utilization": 0.1782830740972552,
            "quality_score": 0.9786520738991557
        },
        "innovation_index": {
            "patents_per_staff": 0.24478208716513394,
            "technology_readiness": 0.5957813113435809
        },
        "market_position": {
            "avg_market_share": 0.15088940299545983,
            "competitive_strength": 0.2174029963276286
        }
    },
    "market_trends": {
        "ev_electronics_demand": 2.138296084275114,
        "industrial_automation": 1.5869893366925998,
        "consumer_electronics": 1.0851479755517215,
        "renewable_energy": 2.6256534585468523
    },
    "customer_segments": {
        "Automotive_OEMs": {
            "share": 0.45,
            "growth": 0.15,
            "margin": 0.22
        },
        "Industrial": {
            "share": 0.25,
            "growth": 0.08,
            "margin": 0.18
        },
        "Consumer": {
            "share": 0.2,
            "growth": 0.05,
            "margin": 0.12
        },
        "Renewable_Energy": {
            "share": 0.1,
            "growth": 0.25,
            "margin": 0.28
        }
    }
}