{
    "timestamp": "2026-03-01T00:00:00",
    "type": "Electronics",
    "data": {
        "revenue": 1913.5547367141248,
        "product_lines": {
            "Semiconductors": {
                "revenue": 190.20785998031056,
                "market_share": 0.14546860289326224,
                "capacity_utilization": 0.98,
                "technology_node": "28nm",
                "r_and_d_investment": 8.5
            },
            "IGBT_Modules": {
                "revenue": 405.447573568323,
                "market_share": 0.19533708132387312,
                "capacity_utilization": 0.98,
                "efficiency_rating": 0.98,
                "automotive_share": 0.75
            },
            "Power_Management": {
                "revenue": 835.9713350719821,
                "market_share": 0.08851013394371625,
                "capacity_utilization": 0.98,
                "product_portfolio": [
                    "DC-DC",
                    "AC-DC",
                    "Wireless_Charging"
                ],
                "efficiency_improvement": 0.03
            },
            "Sensors_IoT": {
                "revenue": 481.92796809350904,
                "market_share": 0.10644930697957311,
                "capacity_utilization": 0.98,
                "ai_integration": 0.45,
                "automotive_grade": 0.68
            }
        },
        "manufacturing": {
            "facilities": {
                "Shenzhen": {
                    "capacity": 100,
                    "utilization": 0.011683207364376112,
                    "technology": "Advanced"
                },
                "Xian": {
                    "capacity": 80,
                    "utilization": 0.01121793668022218,
                    "technology": "Standard"
                },
                "Changsha": {
                    "capacity": 60,
                    "utilization": 0.010234308382477872,
                    "technology": "Emerging"
                }
            },
            "quality_metrics": {
                "defect_rate": 0.0009025677735676455,
                "yield_rate": 0.98,
                "customer_satisfaction": 0.9469548941713657
            }
        },
        "innovation": {
            "patents_filed": 3304,
            "r_and_d_staff": 13168,
            "technology_roadmap": {
                "next_gen_semiconductors": 1.0,
                "ai_chips": 0.8199033670590334,
                "quantum_sensors": 0.582983628402247
            }
        },
        "market_dynamics": {
            "competition_intensity": 0.9006209138196396,
            "price_pressure": 0.7016353716629815,
            "demand_growth": 0.1320071251917551,
            "supply_chain_stability": 0.6292150879446012
        }
    },
    "performance_metrics": {
        "financial": {
            "total_revenue": 1913.5547367141248
        },
        "product_line_performance": {
            "Semiconductors": {
                "revenue": 190.20785998031056,
                "market_share": 0.14546860289326224,
                "capacity_utilization": 0.98,
                "technology_node": "28nm",
                "r_and_d_investment": 8.5
            },
            "IGBT_Modules": {
                "revenue": 405.447573568323,
                "market_share": 0.19533708132387312,
                "capacity_utilization": 0.98,
                "efficiency_rating": 0.98,
                "automotive_share": 0.75
            },
            "Power_Management": {
                "revenue": 835.9713350719821,
                "market_share": 0.08851013394371625,
                "capacity_utilization": 0.98,
                "product_portfolio": [
                    "DC-DC",
                    "AC-DC",
                    "Wireless_Charging"
                ],
                "efficiency_improvement": 0.03
            },
            "Sensors_IoT": {
                "revenue": 481.92796809350904,
                "market_share": 0.10644930697957311,
                "capacity_utilization": 0.98,
                "ai_integration": 0.45,
                "automotive_grade": 0.68
            }
        },
        "manufacturing_efficiency": {
            "avg_utilization": 0.011045150809025387,
            "quality_score": 0.9791154835819037
        },
        "innovation_index": {
            "patents_per_staff": 0.2509113001215067,
            "technology_readiness": 0.8009623318204269
        },
        "market_position": {
            "avg_market_share": 0.13394128128510618,
            "competitive_strength": 0.0993790861803604
        }
    },
    "market_trends": {
        "ev_electronics_demand": 5.055698023495924,
        "industrial_automation": 2.7146453810910836,
        "consumer_electronics": 1.3552514019055275,
        "renewable_energy": 9.91387007589148
    },
    "customer_segments": {
        "Automotive_OEMs": {
            "share": 0.45,
            "growth": 0.15,
            "margin": 0.22
        },
        "Industrial": {
            "share": 0.25,
            "growth": 0.08,
            "margin": 0.18
        },
        "Consumer": {
            "share": 0.2,
            "growth": 0.05,
            "margin": 0.12
        },
        "Renewable_Energy": {
            "share": 0.1,
            "growth": 0.25,
            "margin": 0.28
        }
    }
}