{
    "timestamp": "2025-05-01T00:00:00",
    "type": "Electronics",
    "data": {
        "revenue": 229.40111418811716,
        "product_lines": {
            "Semiconductors": {
                "revenue": 76.11264138792389,
                "market_share": 0.1450661561160772,
                "capacity_utilization": 0.98,
                "technology_node": "28nm",
                "r_and_d_investment": 8.5
            },
            "IGBT_Modules": {
                "revenue": 59.09267383171311,
                "market_share": 0.23393503920888048,
                "capacity_utilization": 0.98,
                "efficiency_rating": 0.98,
                "automotive_share": 0.75
            },
            "Power_Management": {
                "revenue": 46.30826299856699,
                "market_share": 0.13125533574355086,
                "capacity_utilization": 0.98,
                "product_portfolio": [
                    "DC-DC",
                    "AC-DC",
                    "Wireless_Charging"
                ],
                "efficiency_improvement": 0.03
            },
            "Sensors_IoT": {
                "revenue": 47.88753596991319,
                "market_share": 0.1383706419333896,
                "capacity_utilization": 0.98,
                "ai_integration": 0.45,
                "automotive_grade": 0.68
            }
        },
        "manufacturing": {
            "facilities": {
                "Shenzhen": {
                    "capacity": 100,
                    "utilization": 0.32227261786019246,
                    "technology": "Advanced"
                },
                "Xian": {
                    "capacity": 80,
                    "utilization": 0.3331228646544763,
                    "technology": "Standard"
                },
                "Changsha": {
                    "capacity": 60,
                    "utilization": 0.28761265440452594,
                    "technology": "Emerging"
                }
            },
            "quality_metrics": {
                "defect_rate": 0.0011832973842677177,
                "yield_rate": 0.9760096508181809,
                "customer_satisfaction": 0.918296788953866
            }
        },
        "innovation": {
            "patents_filed": 2996,
            "r_and_d_staff": 12704,
            "technology_roadmap": {
                "next_gen_semiconductors": 0.8474217872547846,
                "ai_chips": 0.5043023662591986,
                "quantum_sensors": 0.2538965297579813
            }
        },
        "market_dynamics": {
            "competition_intensity": 0.7613349717118544,
            "price_pressure": 0.6592125147920355,
            "demand_growth": 0.06834072330633612,
            "supply_chain_stability": 0.716831704426732
        }
    },
    "performance_metrics": {
        "financial": {
            "total_revenue": 229.40111418811716
        },
        "product_line_performance": {
            "Semiconductors": {
                "revenue": 76.11264138792389,
                "market_share": 0.1450661561160772,
                "capacity_utilization": 0.98,
                "technology_node": "28nm",
                "r_and_d_investment": 8.5
            },
            "IGBT_Modules": {
                "revenue": 59.09267383171311,
                "market_share": 0.23393503920888048,
                "capacity_utilization": 0.98,
                "efficiency_rating": 0.98,
                "automotive_share": 0.75
            },
            "Power_Management": {
                "revenue": 46.30826299856699,
                "market_share": 0.13125533574355086,
                "capacity_utilization": 0.98,
                "product_portfolio": [
                    "DC-DC",
                    "AC-DC",
                    "Wireless_Charging"
                ],
                "efficiency_improvement": 0.03
            },
            "Sensors_IoT": {
                "revenue": 47.88753596991319,
                "market_share": 0.1383706419333896,
                "capacity_utilization": 0.98,
                "ai_integration": 0.45,
                "automotive_grade": 0.68
            }
        },
        "manufacturing_efficiency": {
            "avg_utilization": 0.31433604563973155,
            "quality_score": 0.9748547411513477
        },
        "innovation_index": {
            "patents_per_staff": 0.23583123425692695,
            "technology_readiness": 0.5352068944239882
        },
        "market_position": {
            "avg_market_share": 0.16215679325047455,
            "competitive_strength": 0.23866502828814562
        }
    },
    "market_trends": {
        "ev_electronics_demand": 1.6986252375653619,
        "industrial_automation": 1.3679151041228637,
        "consumer_electronics": 1.0107703583676801,
        "renewable_energy": 2.044917265267781
    },
    "customer_segments": {
        "Automotive_OEMs": {
            "share": 0.45,
            "growth": 0.15,
            "margin": 0.22
        },
        "Industrial": {
            "share": 0.25,
            "growth": 0.08,
            "margin": 0.18
        },
        "Consumer": {
            "share": 0.2,
            "growth": 0.05,
            "margin": 0.12
        },
        "Renewable_Energy": {
            "share": 0.1,
            "growth": 0.25,
            "margin": 0.28
        }
    }
}