{
    "timestamp": "2025-01-01T00:00:00",
    "type": "Electronics",
    "data": {
        "revenue": 168.7305541355223,
        "product_lines": {
            "Semiconductors": {
                "revenue": 67.8509173810937,
                "market_share": 0.13165299516278917,
                "capacity_utilization": 0.9295891361268119,
                "technology_node": "28nm",
                "r_and_d_investment": 8.5
            },
            "IGBT_Modules": {
                "revenue": 37.431739534016295,
                "market_share": 0.24707316822101447,
                "capacity_utilization": 0.98,
                "efficiency_rating": 0.98,
                "automotive_share": 0.75
            },
            "Power_Management": {
                "revenue": 31.038912735773476,
                "market_share": 0.167785546929052,
                "capacity_utilization": 0.9662884349937427,
                "product_portfolio": [
                    "DC-DC",
                    "AC-DC",
                    "Wireless_Charging"
                ],
                "efficiency_improvement": 0.03
            },
            "Sensors_IoT": {
                "revenue": 32.408984484638836,
                "market_share": 0.1412616678829716,
                "capacity_utilization": 0.8879550632605164,
                "ai_integration": 0.45,
                "automotive_grade": 0.68
            }
        },
        "manufacturing": {
            "facilities": {
                "Shenzhen": {
                    "capacity": 100,
                    "utilization": 0.7428670302221138,
                    "technology": "Advanced"
                },
                "Xian": {
                    "capacity": 80,
                    "utilization": 0.7687701845377468,
                    "technology": "Standard"
                },
                "Changsha": {
                    "capacity": 60,
                    "utilization": 0.6751133200527998,
                    "technology": "Emerging"
                }
            },
            "quality_metrics": {
                "defect_rate": 0.001177001878609907,
                "yield_rate": 0.9482174758575553,
                "customer_satisfaction": 0.8961732328525068
            }
        },
        "innovation": {
            "patents_filed": 2885,
            "r_and_d_staff": 12559,
            "technology_roadmap": {
                "next_gen_semiconductors": 0.6995788181212609,
                "ai_chips": 0.41083471558970824,
                "quantum_sensors": 0.18571246055288043
            }
        },
        "market_dynamics": {
            "competition_intensity": 0.7618330782777771,
            "price_pressure": 0.6976150566256956,
            "demand_growth": 0.1002227103252599,
            "supply_chain_stability": 0.791447549341876
        }
    },
    "performance_metrics": {
        "financial": {
            "total_revenue": 168.7305541355223
        },
        "product_line_performance": {
            "Semiconductors": {
                "revenue": 67.8509173810937,
                "market_share": 0.13165299516278917,
                "capacity_utilization": 0.9295891361268119,
                "technology_node": "28nm",
                "r_and_d_investment": 8.5
            },
            "IGBT_Modules": {
                "revenue": 37.431739534016295,
                "market_share": 0.24707316822101447,
                "capacity_utilization": 0.98,
                "efficiency_rating": 0.98,
                "automotive_share": 0.75
            },
            "Power_Management": {
                "revenue": 31.038912735773476,
                "market_share": 0.167785546929052,
                "capacity_utilization": 0.9662884349937427,
                "product_portfolio": [
                    "DC-DC",
                    "AC-DC",
                    "Wireless_Charging"
                ],
                "efficiency_improvement": 0.03
            },
            "Sensors_IoT": {
                "revenue": 32.408984484638836,
                "market_share": 0.1412616678829716,
                "capacity_utilization": 0.8879550632605164,
                "ai_integration": 0.45,
                "automotive_grade": 0.68
            }
        },
        "manufacturing_efficiency": {
            "avg_utilization": 0.7289168449375535,
            "quality_score": 0.9471014221071402
        },
        "innovation_index": {
            "patents_per_staff": 0.22971574169917988,
            "technology_readiness": 0.4320419980879498
        },
        "market_position": {
            "avg_market_share": 0.1719433445489568,
            "competitive_strength": 0.23816692172222287
        }
    },
    "market_trends": {
        "ev_electronics_demand": 1.1095888132951766,
        "industrial_automation": 1.0599736279734104,
        "consumer_electronics": 1.0498442948070377,
        "renewable_energy": 1.181484105225415
    },
    "customer_segments": {
        "Automotive_OEMs": {
            "share": 0.45,
            "growth": 0.15,
            "margin": 0.22
        },
        "Industrial": {
            "share": 0.25,
            "growth": 0.08,
            "margin": 0.18
        },
        "Consumer": {
            "share": 0.2,
            "growth": 0.05,
            "margin": 0.12
        },
        "Renewable_Energy": {
            "share": 0.1,
            "growth": 0.25,
            "margin": 0.28
        }
    }
}