{
    "timestamp": "2026-02-01T00:00:00",
    "type": "Electronics",
    "data": {
        "revenue": 1307.8887223831832,
        "product_lines": {
            "Semiconductors": {
                "revenue": 163.51707292529656,
                "market_share": 0.16152105227877722,
                "capacity_utilization": 0.98,
                "technology_node": "28nm",
                "r_and_d_investment": 8.5
            },
            "IGBT_Modules": {
                "revenue": 293.3680213242833,
                "market_share": 0.20680321197221838,
                "capacity_utilization": 0.98,
                "efficiency_rating": 0.98,
                "automotive_share": 0.75
            },
            "Power_Management": {
                "revenue": 498.65102809240796,
                "market_share": 0.09203219018987684,
                "capacity_utilization": 0.98,
                "product_portfolio": [
                    "DC-DC",
                    "AC-DC",
                    "Wireless_Charging"
                ],
                "efficiency_improvement": 0.03
            },
            "Sensors_IoT": {
                "revenue": 352.35260004119544,
                "market_share": 0.09618363373541183,
                "capacity_utilization": 0.98,
                "ai_integration": 0.45,
                "automotive_grade": 0.68
            }
        },
        "manufacturing": {
            "facilities": {
                "Shenzhen": {
                    "capacity": 100,
                    "utilization": 0.016277786636889315,
                    "technology": "Advanced"
                },
                "Xian": {
                    "capacity": 80,
                    "utilization": 0.01552469295817275,
                    "technology": "Standard"
                },
                "Changsha": {
                    "capacity": 60,
                    "utilization": 0.014524050315599623,
                    "technology": "Emerging"
                }
            },
            "quality_metrics": {
                "defect_rate": 0.000935777934202513,
                "yield_rate": 0.98,
                "customer_satisfaction": 0.9476380443733079
            }
        },
        "innovation": {
            "patents_filed": 3273,
            "r_and_d_staff": 13289,
            "technology_roadmap": {
                "next_gen_semiconductors": 1.0,
                "ai_chips": 0.7825441910835087,
                "quantum_sensors": 0.5636434767013228
            }
        },
        "market_dynamics": {
            "competition_intensity": 0.8710534617509376,
            "price_pressure": 0.6964107145851897,
            "demand_growth": 0.09974207112581554,
            "supply_chain_stability": 0.6448818274915411
        }
    },
    "performance_metrics": {
        "financial": {
            "total_revenue": 1307.8887223831832
        },
        "product_line_performance": {
            "Semiconductors": {
                "revenue": 163.51707292529656,
                "market_share": 0.16152105227877722,
                "capacity_utilization": 0.98,
                "technology_node": "28nm",
                "r_and_d_investment": 8.5
            },
            "IGBT_Modules": {
                "revenue": 293.3680213242833,
                "market_share": 0.20680321197221838,
                "capacity_utilization": 0.98,
                "efficiency_rating": 0.98,
                "automotive_share": 0.75
            },
            "Power_Management": {
                "revenue": 498.65102809240796,
                "market_share": 0.09203219018987684,
                "capacity_utilization": 0.98,
                "product_portfolio": [
                    "DC-DC",
                    "AC-DC",
                    "Wireless_Charging"
                ],
                "efficiency_improvement": 0.03
            },
            "Sensors_IoT": {
                "revenue": 352.35260004119544,
                "market_share": 0.09618363373541183,
                "capacity_utilization": 0.98,
                "ai_integration": 0.45,
                "automotive_grade": 0.68
            }
        },
        "manufacturing_efficiency": {
            "avg_utilization": 0.01544217663688723,
            "quality_score": 0.9790829376244815
        },
        "innovation_index": {
            "patents_per_staff": 0.2462939273083001,
            "technology_readiness": 0.7820625559282771
        },
        "market_position": {
            "avg_market_share": 0.13913502204407108,
            "competitive_strength": 0.12894653824906244
        }
    },
    "market_trends": {
        "ev_electronics_demand": 4.420229907866233,
        "industrial_automation": 2.471345420690699,
        "consumer_electronics": 1.2559768323923453,
        "renewable_energy": 8.215178180644719
    },
    "customer_segments": {
        "Automotive_OEMs": {
            "share": 0.45,
            "growth": 0.15,
            "margin": 0.22
        },
        "Industrial": {
            "share": 0.25,
            "growth": 0.08,
            "margin": 0.18
        },
        "Consumer": {
            "share": 0.2,
            "growth": 0.05,
            "margin": 0.12
        },
        "Renewable_Energy": {
            "share": 0.1,
            "growth": 0.25,
            "margin": 0.28
        }
    }
}