{
    "timestamp": "2025-12-01T00:00:00",
    "type": "Financials",
    "data": {
        "revenue_streams": {
            "automotive": {
                "vehicle_sales": 17553229040,
                "after_sales_service": 2632984356.0,
                "financing_income": 1404258323.2,
                "leasing_income": 877661452.0,
                "total": 22468133171.2
            },
            "battery": {
                "oem_sales": 0.0,
                "replacement_market": 0.0,
                "energy_storage_systems": 0.0,
                "recycling_revenue": 0.0,
                "total": 0
            },
            "electronics": {
                "semiconductor_sales": 248.7763166607091,
                "igbt_modules": 199.02105332856732,
                "power_management": 156.37368475816004,
                "sensors_iot": 106.6184214260182,
                "total": 710.7894761734547
            },
            "energy_storage": {
                "utility_scale": 60807568931176.69,
                "commercial_industrial": 47294775835359.65,
                "residential": 20269189643725.562,
                "grid_services": 6756396547908.521,
                "total": 135127930958170.42
            },
            "other_business": {
                "rail_transit": 34026.18298267594,
                "electronics_manufacturing": 19027.799694259575,
                "real_estate": 7163.406943721249,
                "total": 60217.389620656766
            }
        },
        "cost_structure": {
            "cost_of_goods_sold": {
                "raw_materials": 36079848461143.086,
                "direct_labor": 20016587734654.477,
                "manufacturing_overhead": 16548069292587.36,
                "logistics_distribution": 7236419748057.3125,
                "total": 79880925236442.23
            },
            "operating_expenses": {
                "research_development": 12969159336324.996,
                "sales_marketing": 11315679578328.213,
                "general_administrative": 9051958103453.635,
                "warranty_provisions": 853266780.2867751,
                "total": 34645008341792.984
            },
            "financial_costs": {
                "interest_expense": 630.0762805931039,
                "foreign_exchange_loss": 833858339315.1481,
                "other_financial_costs": 405191066026.4405,
                "total": 1264834953324.3984
            }
        },
        "profitability_metrics": {
            "gross_profit": 55269473915827.56,
            "gross_margin": 0.4089479147860832,
            "operating_profit": 20624465574034.58,
            "operating_margin": 0.15260380807901003,
            "net_profit": 19359630620710.18,
            "net_margin": 0.14324508652688683,
            "ebitda": 20624465574868.184,
            "ebitda_margin": 0.152603808085178
        },
        "cash_flow": {
            "operating_cash_flow": {
                "net_income": 19359630620710.18,
                "depreciation_amortization": 833.6045173083585,
                "working_capital_change": -4316.0451950056695,
                "other_operating_items": -1442.3189548641012,
                "total": 20094651211528.355
            },
            "investing_cash_flow": {
                "capex": -3559.2580049031694,
                "rd_investments": -3890747800897.4985,
                "acquisitions": 0,
                "asset_disposals": 1373.3868738457425,
                "total": -4017726331181.4336
            },
            "financing_cash_flow": {
                "debt_issuance": 0,
                "debt_repayment": 0,
                "equity_issuance": 0,
                "dividends_paid": -4839907655177.545,
                "total": -5023662816245.258
            },
            "net_cash_flow": 11053262064101.664,
            "cash_balance": 11486808140616.75
        },
        "balance_sheet": {
            "assets": {
                "current_assets": {
                    "cash_equivalents": 11486808140616.75,
                    "accounts_receivable": 45200,
                    "inventory": 38500,
                    "other_current": 12800,
                    "total": 11486808237116.75
                },
                "non_current_assets": {
                    "property_plant_equipment": 336167.4604109382,
                    "intangible_assets": 45200,
                    "investments": 28500,
                    "other_non_current": 15800,
                    "total": 425667.4604109382
                },
                "total_assets": 11486808662784.21
            },
            "liabilities": {
                "current_liabilities": {
                    "accounts_payable": 52800,
                    "short_term_debt": 28500,
                    "accrued_expenses": 18200,
                    "other_current": 9500,
                    "total": 109000
                },
                "non_current_liabilities": {
                    "long_term_debt": 125600,
                    "deferred_tax": 15800,
                    "other_non_current": 8200,
                    "total": 149600
                },
                "total_liabilities": 258600
            },
            "equity": {
                "share_capital": 29100,
                "retained_earnings": 20094651484091.188,
                "other_equity": 53400,
                "total_equity": 20094651566591.188
            }
        },
        "financial_ratios": {
            "liquidity_ratios": {
                "current_ratio": 105383561.80841056,
                "quick_ratio": 105383561.45519954,
                "cash_ratio": 105383560.92308944
            },
            "efficiency_ratios": {
                "asset_turnover": 141.18845690201817,
                "inventory_turnover": 24897950723.04693,
                "receivables_turnover": 35880636943.080475,
                "working_capital_turnover": 0
            },
            "profitability_ratios": {
                "return_on_assets": 20.224552725527225,
                "return_on_equity": 11.561064728027612,
                "return_on_invested_capital": 0
            },
            "leverage_ratios": {
                "debt_to_equity": 7.668707242289405e-09,
                "debt_to_assets": 2.2512780319727175e-08,
                "interest_coverage": 32733283586.902115
            }
        },
        "market_data": {
            "exchange_rates": {
                "CNY_USD": 0.12499210564646449,
                "CNY_EUR": 0.10420357942843951,
                "CNY_JPY": 19.14127432345761,
                "CNY_GBP": 0.10720517612565432
            },
            "commodity_prices": {
                "lithium_carbonate_cny_per_ton": 689558.3597390128,
                "nickel_cny_per_ton": 128900.85684797683,
                "cobalt_cny_per_ton": 492910.10267281765,
                "steel_cny_per_ton": 5406.435850870162,
                "aluminum_cny_per_ton": 17205.243858657628
            },
            "interest_rates": {
                "china_base_rate": 0.039183240532792256,
                "us_fed_rate": 0.059554715220964914,
                "ecb_rate": 0.042585215046624776,
                "corporate_bond_yield": 0.04997846683232402
            }
        },
        "forecasting": {
            "revenue_forecast": {
                "next_quarter": 421847495383577.4,
                "next_year": 1884145556655525.2,
                "growth_rate_projection": 0.16175853498141007
            },
            "cost_forecast": {
                "next_quarter": 339725655629057.4,
                "next_year": 1312676881248451.0,
                "efficiency_improvement": 0.044847427248335694
            },
            "investment_pipeline": {
                "planned_capex": 45200,
                "rd_budget": 28500,
                "expansion_projects": 15800
            }
        },