{
    "timestamp": "2026-09-01T00:00:00",
    "type": "Financials",
    "data": {
        "revenue_streams": {
            "automotive": {
                "vehicle_sales": 0,
                "after_sales_service": 0.0,
                "financing_income": 0.0,
                "leasing_income": 0.0,
                "total": 0.0
            },
            "battery": {
                "oem_sales": 0.0,
                "replacement_market": 0.0,
                "energy_storage_systems": 0.0,
                "recycling_revenue": 0.0,
                "total": 0
            },
            "electronics": {
                "semiconductor_sales": 41267.20534165465,
                "igbt_modules": 33013.76427332372,
                "power_management": 25939.38621475435,
                "sensors_iot": 17685.94514642342,
                "total": 117906.30097615614
            },
            "energy_storage": {
                "utility_scale": 2.352735514069082e+28,
                "commercial_industrial": 1.829905399831508e+28,
                "residential": 7.842451713563606e+27,
                "grid_services": 2.614150571187869e+27,
                "total": 5.228301142375738e+28
            },
            "other_business": {
                "rail_transit": 42394.311431830036,
                "electronics_manufacturing": 23707.34520858916,
                "real_estate": 8925.11819617474,
                "total": 75026.77483659393
            }
        },
        "cost_structure": {
            "cost_of_goods_sold": {
                "raw_materials": 1.4731757063240465e+28,
                "direct_labor": 9.210303576270489e+27,
                "manufacturing_overhead": 6.159905457369889e+27,
                "logistics_distribution": 4.130534946955592e+27,
                "total": 3.4232501043836434e+28
            },
            "operating_expenses": {
                "research_development": 4.649719700308961e+27,
                "sales_marketing": 5.46945677081359e+27,
                "general_administrative": 3.1352695487491044e+27,
                "warranty_provisions": 0.0,
                "total": 1.3484268002386136e+28
            },
            "financial_costs": {
                "interest_expense": 717.0214281731938,
                "foreign_exchange_loss": 3.1669720138797266e+26,
                "other_financial_costs": 1.8882644169972402e+26,
                "total": 5.1009231340563447e+26
            }
        },
        "profitability_metrics": {
            "gross_profit": 1.8050510379920943e+28,
            "gross_margin": 0.34524618778402655,
            "operating_profit": 4.566242377534807e+27,
            "operating_margin": 0.08733701929533287,
            "net_profit": 4.0561500641291725e+27,
            "net_margin": 0.07758065103124606,
            "ebitda": 4.566242377534807e+27,
            "ebitda_margin": 0.08733701929533287
        },
        "cash_flow": {
            "operating_cash_flow": {
                "net_income": 4.0561500641291725e+27,
                "depreciation_amortization": 915.6869699009989,
                "working_capital_change": -788.118496462348,
                "other_operating_items": 759.9523529704857,
                "total": 4.115365702896522e+27
            },
            "investing_cash_flow": {
                "capex": -5783.914017727508,
                "rd_investments": -1.3949159100926882e+27,
                "acquisitions": 0,
                "asset_disposals": 0,
                "total": -1.419204364809277e+27
            },
            "financing_cash_flow": {
                "debt_issuance": 0,
                "debt_repayment": 0,
                "equity_issuance": 0,
                "dividends_paid": -1.0140375160322931e+27,
                "total": -1.0288414257241305e+27
            },
            "net_cash_flow": 1.6673199123631143e+27,
            "cash_balance": 1.6887251464646163e+27
        },
        "balance_sheet": {
            "assets": {
                "current_assets": {
                    "cash_equivalents": 1.6887251464646163e+27,
                    "accounts_receivable": 45200,
                    "inventory": 38500,
                    "other_current": 12800,
                    "total": 1.6887251464646163e+27
                },
                "non_current_assets": {
                    "property_plant_equipment": 371143.01500822604,
                    "intangible_assets": 45200,
                    "investments": 28500,
                    "other_non_current": 15800,
                    "total": 460643.01500822604
                },
                "total_assets": 1.6887251464646163e+27
            },
            "liabilities": {
                "current_liabilities": {
                    "accounts_payable": 52800,
                    "short_term_debt": 28500,
                    "accrued_expenses": 18200,
                    "other_current": 9500,
                    "total": 109000
                },
                "non_current_liabilities": {
                    "long_term_debt": 125600,
                    "deferred_tax": 15800,
                    "other_non_current": 8200,
                    "total": 149600
                },
                "total_liabilities": 258600
            },
            "equity": {
                "share_capital": 29100,
                "retained_earnings": 4.115365702896522e+27,
                "other_equity": 53400,
                "total_equity": 4.115365702896522e+27
            }
        },
        "financial_ratios": {
            "liquidity_ratios": {
                "current_ratio": 1.5492891251968957e+22,
                "quick_ratio": 1.5492891251968957e+22,
                "cash_ratio": 1.5492891251968957e+22
            },
            "efficiency_ratios": {
                "asset_turnover": 371.52057479487195,
                "inventory_turnover": 1.0669870455221746e+25,
                "receivables_turnover": 1.3880445510732046e+25,
                "working_capital_turnover": 0
            },
            "profitability_ratios": {
                "return_on_assets": 28.82280806408891,
                "return_on_equity": 11.827333044859643,
                "return_on_invested_capital": 0
            },
            "leverage_ratios": {
                "debt_to_equity": 3.744503189389454e-23,
                "debt_to_assets": 1.5313326774424178e-22,
                "interest_coverage": 6.368348557125476e+24
            }
        },
        "market_data": {
            "exchange_rates": {
                "CNY_USD": 0.11429649448914178,
                "CNY_EUR": 0.09361880435102071,
                "CNY_JPY": 20.069971336001885,
                "CNY_GBP": 0.08483264981170588
            },
            "commodity_prices": {
                "lithium_carbonate_cny_per_ton": 920319.6061422608,
                "nickel_cny_per_ton": 205516.85874194684,
                "cobalt_cny_per_ton": 586235.1879863023,
                "steel_cny_per_ton": 6506.877962067447,
                "aluminum_cny_per_ton": 23602.048973025656
            },
            "interest_rates": {
                "china_base_rate": 0.03877459235324133,
                "us_fed_rate": 0.0630873355540956,
                "ecb_rate": 0.048098772458401225,
                "corporate_bond_yield": 0.054133642932886965
            }
        },
        "forecasting": {
            "revenue_forecast": {
                "next_quarter": 1.607790000724808e+29,
                "next_year": 6.902755899044273e+29,
                "growth_rate_projection": 0.1002228880647556
            },
            "cost_forecast": {
                "next_quarter": 1.4044677194284487e+29,
                "next_year": 5.2934466542150554e+29,
                "efficiency_improvement": 0.07554395795194353
            },
            "investment_pipeline": {
                "planned_capex": 45200,
                "rd_budget": 28500,
                "expansion_projects": 15800
            }
        },