{
    "timestamp": "2026-10-01T00:00:00",
    "type": "Financials",
    "data": {
        "revenue_streams": {
            "automotive": {
                "vehicle_sales": 0,
                "after_sales_service": 0.0,
                "financing_income": 0.0,
                "leasing_income": 0.0,
                "total": 0.0
            },
            "battery": {
                "oem_sales": 0.0,
                "replacement_market": 0.0,
                "energy_storage_systems": 0.0,
                "recycling_revenue": 0.0,
                "total": 0
            },
            "electronics": {
                "semiconductor_sales": 120481.2867218772,
                "igbt_modules": 96385.02937750178,
                "power_management": 75731.09451089425,
                "sensors_iot": 51634.8371665188,
                "total": 344232.24777679204
            },
            "energy_storage": {
                "utility_scale": 1.6116793217200002e+30,
                "commercial_industrial": 1.2535283613377777e+30,
                "residential": 5.372264405733333e+29,
                "grid_services": 1.7907548019111112e+29,
                "total": 3.5815096038222223e+30
            },
            "other_business": {
                "rail_transit": 42724.2092253779,
                "electronics_manufacturing": 23891.827527349476,
                "real_estate": 8994.570363237448,
                "total": 75610.60711596483
            }
        },
        "cost_structure": {
            "cost_of_goods_sold": {
                "raw_materials": 1.1872909334546748e+30,
                "direct_labor": 4.642683326147643e+29,
                "manufacturing_overhead": 3.611150497061366e+29,
                "logistics_distribution": 1.906490093562175e+29,
                "total": 2.203323325131793e+30
            },
            "operating_expenses": {
                "research_development": 2.1647891743264184e+29,
                "sales_marketing": 3.061800333066448e+29,
                "general_administrative": 1.846273275666049e+29,
                "warranty_provisions": 0.0,
                "total": 7.207705463082777e+29
            },
            "financial_costs": {
                "interest_expense": 695.1661979964902,
                "foreign_exchange_loss": 5.538172388737196e+27,
                "other_financial_costs": 9.946494441281003e+27,
                "total": 1.5994759143423833e+28
            }
        },
        "profitability_metrics": {
            "gross_profit": 1.3781862786904292e+30,
            "gross_margin": 0.3848059704264412,
            "operating_profit": 6.574157323821515e+29,
            "operating_margin": 0.1835582771244145,
            "net_profit": 6.414209732387277e+29,
            "net_margin": 0.1790923504865649,
            "ebitda": 6.574157323821515e+29,
            "ebitda_margin": 0.1835582771244145
        },
        "cash_flow": {
            "operating_cash_flow": {
                "net_income": 6.414209732387277e+29,
                "depreciation_amortization": 927.8575375205651,
                "working_capital_change": 2521.8436443491755,
                "other_operating_items": 286.88514482338724,
                "total": 6.455363389416243e+29
            },
            "investing_cash_flow": {
                "capex": -5441.794521514454,
                "rd_investments": -6.494367522979255e+28,
                "acquisitions": 0,
                "asset_disposals": 0,
                "total": -6.636287959460182e+28
            },
            "financing_cash_flow": {
                "debt_issuance": 0,
                "debt_repayment": 0,
                "equity_issuance": 0,
                "dividends_paid": -1.6035524330968193e+29,
                "total": -1.6138408473540607e+29
            },
            "net_cash_flow": 4.177893746116164e+29,
            "cash_balance": 4.19478099758081e+29
        },
        "balance_sheet": {
            "assets": {
                "current_assets": {
                    "cash_equivalents": 4.19478099758081e+29,
                    "accounts_receivable": 45200,
                    "inventory": 38500,
                    "other_current": 12800,
                    "total": 4.19478099758081e+29
                },
                "non_current_assets": {
                    "property_plant_equipment": 375656.9519922199,
                    "intangible_assets": 45200,
                    "investments": 28500,
                    "other_non_current": 15800,
                    "total": 465156.9519922199
                },
                "total_assets": 4.19478099758081e+29
            },
            "liabilities": {
                "current_liabilities": {
                    "accounts_payable": 52800,
                    "short_term_debt": 28500,
                    "accrued_expenses": 18200,
                    "other_current": 9500,
                    "total": 109000
                },
                "non_current_liabilities": {
                    "long_term_debt": 125600,
                    "deferred_tax": 15800,
                    "other_non_current": 8200,
                    "total": 149600
                },
                "total_liabilities": 258600
            },
            "equity": {
                "share_capital": 29100,
                "retained_earnings": 6.455363389416243e+29,
                "other_equity": 53400,
                "total_equity": 6.455363389416243e+29
            }
        },
        "financial_ratios": {
            "liquidity_ratios": {
                "current_ratio": 3.848422933560376e+24,
                "quick_ratio": 3.848422933560376e+24,
                "cash_ratio": 3.848422933560376e+24
            },
            "efficiency_ratios": {
                "asset_turnover": 102.45615985829237,
                "inventory_turnover": 6.867501273138057e+26,
                "receivables_turnover": 9.508432576519173e+26,
                "working_capital_turnover": 0
            },
            "profitability_ratios": {
                "return_on_assets": 18.349114490848823,
                "return_on_equity": 11.923498670089238,
                "return_on_invested_capital": 0
            },
            "leverage_ratios": {
                "debt_to_equity": 2.387162282028173e-25,
                "debt_to_assets": 6.164803362777182e-25,
                "interest_coverage": 9.456957692662018e+26
            }
        },
        "market_data": {
            "exchange_rates": {
                "CNY_USD": 0.1131009013154187,
                "CNY_EUR": 0.09525886551079678,
                "CNY_JPY": 19.92477828312946,
                "CNY_GBP": 0.08333354211412292
            },
            "commodity_prices": {
                "lithium_carbonate_cny_per_ton": 894912.1514008982,
                "nickel_cny_per_ton": 197501.35098643118,
                "cobalt_cny_per_ton": 545342.2156722111,
                "steel_cny_per_ton": 7171.387986732242,
                "aluminum_cny_per_ton": 25932.765232727026
            },
            "interest_rates": {
                "china_base_rate": 0.03954792457387905,
                "us_fed_rate": 0.061784157427258325,
                "ecb_rate": 0.04625237563872448,
                "corporate_bond_yield": 0.05695861849500923
            }
        },
        "forecasting": {
            "revenue_forecast": {
                "next_quarter": 1.1257819642906116e+31,
                "next_year": 5.119076854889788e+31,
                "growth_rate_projection": 0.19108919169788527
            },
            "cost_forecast": {
                "next_quarter": 8.60582090614333e+30,
                "next_year": 3.242575512645075e+31,
                "efficiency_improvement": 0.07590303891071813
            },
            "investment_pipeline": {
                "planned_capex": 45200,
                "rd_budget": 28500,
                "expansion_projects": 15800
            }
        },