{
    "timestamp": "2027-04-01T00:00:00",
    "type": "Financials",
    "data": {
        "revenue_streams": {
            "automotive": {
                "vehicle_sales": 0,
                "after_sales_service": 0.0,
                "financing_income": 0.0,
                "leasing_income": 0.0,
                "total": 0.0
            },
            "battery": {
                "oem_sales": 0.0,
                "replacement_market": 0.0,
                "energy_storage_systems": 0.0,
                "recycling_revenue": 0.0,
                "total": 0
            },
            "electronics": {
                "semiconductor_sales": 980693348.5284215,
                "igbt_modules": 784554678.8227373,
                "power_management": 616435819.0750079,
                "sensors_iot": 420297149.36932355,
                "total": 2801980995.7954903
            },
            "energy_storage": {
                "utility_scale": 1.4927170476693888e+42,
                "commercial_industrial": 1.1610021481873023e+42,
                "residential": 4.9757234922312956e+41,
                "grid_services": 1.6585744974104319e+41,
                "total": 3.317148994820864e+42
            },
            "other_business": {
                "rail_transit": 53025.2824046295,
                "electronics_manufacturing": 29652.296081536228,
                "real_estate": 11163.217348343047,
                "total": 93840.79583450877
            }
        },
        "cost_structure": {
            "cost_of_goods_sold": {
                "raw_materials": 9.424364528889801e+41,
                "direct_labor": 4.8053572281504584e+41,
                "manufacturing_overhead": 2.90718477722963e+41,
                "logistics_distribution": 1.3466020910542068e+41,
                "total": 1.8483508625324095e+42
            },
            "operating_expenses": {
                "research_development": 2.7301096779720945e+41,
                "sales_marketing": 2.678463732078336e+41,
                "general_administrative": 2.1533413159723154e+41,
                "warranty_provisions": 0.0,
                "total": 7.624791991272597e+41
            },
            "financial_costs": {
                "interest_expense": 790.8186996619901,
                "foreign_exchange_loss": 6.993314451837096e+39,
                "other_financial_costs": 1.6270964636658863e+40,
                "total": 2.342950155973596e+40
            }
        },
        "profitability_metrics": {
            "gross_profit": 1.4687981322884542e+42,
            "gross_margin": 0.4427893153372732,
            "operating_profit": 7.063189331611946e+41,
            "operating_margin": 0.21292951696290566,
            "net_profit": 6.8288943160145864e+41,
            "net_margin": 0.2058663728001572,
            "ebitda": 7.063189331611946e+41,
            "ebitda_margin": 0.21292951696290566
        },
        "cash_flow": {
            "operating_cash_flow": {
                "net_income": 6.8288943160145864e+41,
                "depreciation_amortization": 999.1904415534527,
                "working_capital_change": 3659.508780783244,
                "other_operating_items": -1778.7097761636587,
                "total": 6.85908584306428e+41
            },
            "investing_cash_flow": {
                "capex": -4566.620593644786,
                "rd_investments": -8.190329033916283e+40,
                "acquisitions": 0,
                "asset_disposals": 0,
                "total": -8.261741702145291e+40
            },
            "financing_cash_flow": {
                "debt_issuance": 0,
                "debt_repayment": 0,
                "equity_issuance": 0,
                "dividends_paid": -1.7072235790036466e+41,
                "total": -1.71477146076607e+41
            },
            "net_cash_flow": 4.3181402120836805e+41,
            "cash_balance": 4.333765657325159e+41
        },
        "balance_sheet": {
            "assets": {
                "current_assets": {
                    "cash_equivalents": 4.333765657325159e+41,
                    "accounts_receivable": 45200,
                    "inventory": 38500,
                    "other_current": 12800,
                    "total": 4.333765657325159e+41
                },
                "non_current_assets": {
                    "property_plant_equipment": 403243.60677347245,
                    "intangible_assets": 45200,
                    "investments": 28500,
                    "other_non_current": 15800,
                    "total": 492743.60677347245
                },
                "total_assets": 4.333765657325159e+41
            },
            "liabilities": {
                "current_liabilities": {
                    "accounts_payable": 52800,
                    "short_term_debt": 28500,
                    "accrued_expenses": 18200,
                    "other_current": 9500,
                    "total": 109000
                },
                "non_current_liabilities": {
                    "long_term_debt": 125600,
                    "deferred_tax": 15800,
                    "other_non_current": 8200,
                    "total": 149600
                },
                "total_liabilities": 258600
            },
            "equity": {
                "share_capital": 29100,
                "retained_earnings": 6.85908584306428e+41,
                "other_equity": 53400,
                "total_equity": 6.85908584306428e+41
            }
        },
        "financial_ratios": {
            "liquidity_ratios": {
                "current_ratio": 3.975931795711155e+36,
                "quick_ratio": 3.975931795711155e+36,
                "cash_ratio": 3.975931795711155e+36
            },
            "efficiency_ratios": {
                "asset_turnover": 91.85034698534871,
                "inventory_turnover": 5.761093597503614e+38,
                "receivables_turnover": 8.806590251736806e+38,
                "working_capital_turnover": 0
            },
            "profitability_ratios": {
                "return_on_assets": 18.908897774309594,
                "return_on_equity": 11.947179794379938,
                "return_on_invested_capital": 0
            },
            "leverage_ratios": {
                "debt_to_equity": 2.2466550722035607e-37,
                "debt_to_assets": 5.9670969878793665e-37,
                "interest_coverage": 8.931490030054775e+38
            }
        },
        "market_data": {
            "exchange_rates": {
                "CNY_USD": 0.11893942629473477,
                "CNY_EUR": 0.09997163118387531,
                "CNY_JPY": 19.169995089576645,
                "CNY_GBP": 0.07961391084284787
            },
            "commodity_prices": {
                "lithium_carbonate_cny_per_ton": 1049638.3061715006,
                "nickel_cny_per_ton": 239877.48064324516,
                "cobalt_cny_per_ton": 570525.0894911136,
                "steel_cny_per_ton": 10007.123949748628,
                "aluminum_cny_per_ton": 34575.984094851665
            },
            "interest_rates": {
                "china_base_rate": 0.04526828945479309,
                "us_fed_rate": 0.05736167707778225,
                "ecb_rate": 0.05179305135135839,
                "corporate_bond_yield": 0.060319113894572285
            }
        },
        "forecasting": {
            "revenue_forecast": {
                "next_quarter": 1.0531307117777211e+43,
                "next_year": 4.908355007088426e+43,
                "growth_rate_projection": 0.23307570616412537
            },
            "cost_forecast": {
                "next_quarter": 7.745317841115266e+42,
                "next_year": 2.9935203238096154e+43,
                "efficiency_improvement": 0.04451832906521595
            },
            "investment_pipeline": {
                "planned_capex": 45200,
                "rd_budget": 28500,
                "expansion_projects": 15800
            }
        },