{
    "timestamp": "2025-08-01T00:00:00",
    "type": "Financials",
    "data": {
        "revenue_streams": {
            "automotive": {
                "vehicle_sales": 0,
                "after_sales_service": 0.0,
                "financing_income": 0.0,
                "leasing_income": 0.0,
                "total": 0.0
            },
            "battery": {
                "oem_sales": 0.0,
                "replacement_market": 0.0,
                "energy_storage_systems": 0.0,
                "recycling_revenue": 0.0,
                "total": 0
            },
            "electronics": {
                "semiconductor_sales": 114.58728628752169,
                "igbt_modules": 91.66982903001737,
                "power_management": 72.02629423787079,
                "sensors_iot": 49.10883698036644,
                "total": 327.3922465357763
            },
            "energy_storage": {
                "utility_scale": 294729545.01777136,
                "commercial_industrial": 229234090.5693777,
                "residential": 98243181.67259045,
                "grid_services": 32747727.224196818,
                "total": 654954544.4839363
            },
            "other_business": {
                "rail_transit": 26398.87510200994,
                "electronics_manufacturing": 14762.52883993977,
                "real_estate": 5557.657916212618,
                "total": 46719.06185816233
            }
        },
        "cost_structure": {
            "cost_of_goods_sold": {
                "raw_materials": 173285879.28916776,
                "direct_labor": 90432872.4332859,
                "manufacturing_overhead": 58067487.34812438,
                "logistics_distribution": 29349977.744740363,
                "total": 351136216.8153184
            },
            "operating_expenses": {
                "research_development": 49942967.67802521,
                "sales_marketing": 68554000.55578206,
                "general_administrative": 41044751.741714984,
                "warranty_provisions": 0.0,
                "total": 170316600.02023685
            },
            "financial_costs": {
                "interest_expense": 642.2859453628545,
                "foreign_exchange_loss": 1176766.6104406647,
                "other_financial_costs": 2742104.5641826056,
                "total": 4100108.657170506
            }
        },
        "profitability_metrics": {
            "gross_profit": 303865374.12272257,
            "gross_margin": 0.46391547490373397,
            "operating_profit": 133548774.10248572,
            "operating_margin": 0.20389076293880115,
            "net_profit": 129448665.44531521,
            "net_margin": 0.19763107026950755,
            "ebitda": 133549555.29200912,
            "ebitda_margin": 0.2038919555916652
        },
        "cash_flow": {
            "operating_cash_flow": {
                "net_income": 129448665.44531521,
                "depreciation_amortization": 781.1895233932865,
                "working_capital_change": 5516.451582043839,
                "other_operating_items": 1048.1236020573933,
                "total": 130899654.41683686
            },
            "investing_cash_flow": {
                "capex": -5208.65793237316,
                "rd_investments": -14982890.303407563,
                "acquisitions": -95.8425361289419,
                "asset_disposals": 0,
                "total": -15891055.467088189
            },
            "financing_cash_flow": {
                "debt_issuance": 0,
                "debt_repayment": 0,
                "equity_issuance": 0,
                "dividends_paid": -32362166.361328803,
                "total": -32742094.98344315
            },
            "net_cash_flow": 82266503.96630552,
            "cash_balance": 82343197.3824287
        },
        "balance_sheet": {
            "assets": {
                "current_assets": {
                    "cash_equivalents": 82343197.3824287,
                    "accounts_receivable": 45200,
                    "inventory": 38500,
                    "other_current": 12800,
                    "total": 82439697.3824287
                },
                "non_current_assets": {
                    "property_plant_equipment": 316903.27776629454,
                    "intangible_assets": 45200,
                    "investments": 28500,
                    "other_non_current": 15800,
                    "total": 406403.27776629454
                },
                "total_assets": 82846100.660195
            },
            "liabilities": {
                "current_liabilities": {
                    "accounts_payable": 52800,
                    "short_term_debt": 28500,
                    "accrued_expenses": 18200,
                    "other_current": 9500,
                    "total": 109000
                },
                "non_current_liabilities": {
                    "long_term_debt": 125600,
                    "deferred_tax": 15800,
                    "other_non_current": 8200,
                    "total": 149600
                },
                "total_liabilities": 258600
            },
            "equity": {
                "share_capital": 29100,
                "retained_earnings": 131182298.14764938,
                "other_equity": 53400,
                "total_equity": 131264798.14764938
            }
        },
        "financial_ratios": {
            "liquidity_ratios": {
                "current_ratio": 756.3274989213643,
                "quick_ratio": 755.97428791219,
                "cash_ratio": 755.4421778204469
            },
            "efficiency_ratios": {
                "asset_turnover": 94.8749431611208,
                "inventory_turnover": 109445.05459178756,
                "receivables_turnover": 173894.22768266575,
                "working_capital_turnover": 0
            },
            "profitability_ratios": {
                "return_on_assets": 18.750236558690997,
                "return_on_equity": 11.833972300757312,
                "return_on_invested_capital": 0
            },
            "leverage_ratios": {
                "debt_to_equity": 0.0011739628763734898,
                "debt_to_assets": 0.003121450471889854,
                "interest_coverage": 207927.287007718
            }
        },
        "market_data": {
            "exchange_rates": {
                "CNY_USD": 0.13660168661573244,
                "CNY_EUR": 0.10901825067814044,
                "CNY_JPY": 20.506766849831727,
                "CNY_GBP": 0.11349143499493236
            },
            "commodity_prices": {
                "lithium_carbonate_cny_per_ton": 542261.8603026163,
                "nickel_cny_per_ton": 147585.52165727617,
                "cobalt_cny_per_ton": 464555.84012583765,
                "steel_cny_per_ton": 4223.778820299216,
                "aluminum_cny_per_ton": 18216.967511880284
            },
            "interest_rates": {
                "china_base_rate": 0.03765797992457098,
                "us_fed_rate": 0.060170281573746404,
                "ecb_rate": 0.0415630495444816,
                "corporate_bond_yield": 0.04849749947329387
            }
        },
        "forecasting": {
            "revenue_forecast": {
                "next_quarter": 2046028638.703313,
                "next_year": 9156400945.483534,
                "growth_rate_projection": 0.16493367753637406
            },
            "cost_forecast": {
                "next_quarter": 1536618435.4498544,
                "next_year": 5813593561.117681,
                "efficiency_improvement": 0.07093007372530744
            },
            "investment_pipeline": {
                "planned_capex": 45200,
                "rd_budget": 28500,
                "expansion_projects": 15800
            }
        },
        "risk_metrics": {
            "financial_risks": {
                "currency_exposure": 0.25,
                "commodity_price_risk": 0.35,