{
    "timestamp": "2027-08-01T00:00:00",
    "type": "Financials",
    "data": {
        "revenue_streams": {
            "automotive": {
                "vehicle_sales": 0,
                "after_sales_service": 0.0,
                "financing_income": 0.0,
                "leasing_income": 0.0,
                "total": 0.0
            },
            "battery": {
                "oem_sales": 0.0,
                "replacement_market": 0.0,
                "energy_storage_systems": 0.0,
                "recycling_revenue": 0.0,
                "total": 0
            },
            "electronics": {
                "semiconductor_sales": 4569966786285.654,
                "igbt_modules": 3655973429028.524,
                "power_management": 2872550551379.554,
                "sensors_iot": 1958557194122.4233,
                "total": 13057047960816.156
            },
            "energy_storage": {
                "utility_scale": 1.0815766596128154e+51,
                "commercial_industrial": 8.412262908099676e+50,
                "residential": 3.605255532042718e+50,
                "grid_services": 1.2017518440142395e+50,
                "total": 2.4035036880284788e+51
            },
            "other_business": {
                "rail_transit": 64970.7214937359,
                "electronics_manufacturing": 36332.311361628614,
                "real_estate": 13678.046630260182,
                "total": 114981.0794856247
            }
        },
        "cost_structure": {
            "cost_of_goods_sold": {
                "raw_materials": 7.751229073285111e+50,
                "direct_labor": 3.994739412946699e+50,
                "manufacturing_overhead": 3.0211861264074945e+50,
                "logistics_distribution": 1.1066915872561205e+50,
                "total": 1.5873846199895427e+51
            },
            "operating_expenses": {
                "research_development": 2.091215068381563e+50,
                "sales_marketing": 2.3744706934090096e+50,
                "general_administrative": 1.3799373981019471e+50,
                "warranty_provisions": 0.0,
                "total": 5.880011787662589e+50
            },
            "financial_costs": {
                "interest_expense": 799.8132946503124,
                "foreign_exchange_loss": 8.826542430460581e+48,
                "other_financial_costs": 6.987327365155309e+48,
                "total": 1.5924568371670056e+49
            }
        },
        "profitability_metrics": {
            "gross_profit": 8.161190680389361e+50,
            "gross_margin": 0.3395539071164787,
            "operating_profit": 2.2811788927267727e+50,
            "operating_margin": 0.09491056344489966,
            "net_profit": 2.121933209010072e+50,
            "net_margin": 0.08828499908608958,
            "ebitda": 2.2811788927267727e+50,
            "ebitda_margin": 0.09491056344489966
        },
        "cash_flow": {
            "operating_cash_flow": {
                "net_income": 2.121933209010072e+50,
                "depreciation_amortization": 1032.3485026690732,
                "working_capital_change": -1590.7248305474159,
                "other_operating_items": -1258.4089334569348,
                "total": 2.1290465461803228e+50
            },
            "investing_cash_flow": {
                "capex": -7121.822546791662,
                "rd_investments": -6.273645205144689e+49,
                "acquisitions": 0,
                "asset_disposals": 0,
                "total": -6.304866510268148e+49
            },
            "financing_cash_flow": {
                "debt_issuance": 0,
                "debt_repayment": 0,
                "equity_issuance": 0,
                "dividends_paid": -5.30483302252518e+49,
                "total": -5.322616365450807e+49
            },
            "net_cash_flow": 9.662982586084273e+49,
            "cash_balance": 9.685316351756183e+49
        },
        "balance_sheet": {
            "assets": {
                "current_assets": {
                    "cash_equivalents": 9.685316351756183e+49,
                    "accounts_receivable": 45200,
                    "inventory": 38500,
                    "other_current": 12800,
                    "total": 9.685316351756183e+49
                },
                "non_current_assets": {
                    "property_plant_equipment": 419028.8751117519,
                    "intangible_assets": 45200,
                    "investments": 28500,
                    "other_non_current": 15800,
                    "total": 508528.8751117519
                },
                "total_assets": 9.685316351756183e+49
            },
            "liabilities": {
                "current_liabilities": {
                    "accounts_payable": 52800,
                    "short_term_debt": 28500,
                    "accrued_expenses": 18200,
                    "other_current": 9500,
                    "total": 109000
                },
                "non_current_liabilities": {
                    "long_term_debt": 125600,
                    "deferred_tax": 15800,
                    "other_non_current": 8200,
                    "total": 149600
                },
                "total_liabilities": 258600
            },
            "equity": {
                "share_capital": 29100,
                "retained_earnings": 2.1290465461803228e+50,
                "other_equity": 53400,
                "total_equity": 2.1290465461803228e+50
            }
        },
        "financial_ratios": {
            "liquidity_ratios": {
                "current_ratio": 8.885611331886407e+44,
                "quick_ratio": 8.885611331886407e+44,
                "cash_ratio": 8.885611331886407e+44
            },
            "efficiency_ratios": {
                "asset_turnover": 297.79145263656756,
                "inventory_turnover": 4.947692322045328e+47,
                "receivables_turnover": 6.380983242553483e+47,
                "working_capital_turnover": 0
            },
            "profitability_ratios": {
                "return_on_assets": 26.290518123864654,
                "return_on_equity": 11.9599069141085,
                "return_on_invested_capital": 0
            },
            "leverage_ratios": {
                "debt_to_equity": 7.237981728321889e-46,
                "debt_to_assets": 2.6700212012497614e-45,
                "interest_coverage": 2.8521392529791974e+47
            }
        },
        "market_data": {
            "exchange_rates": {
                "CNY_USD": 0.11192227319439504,
                "CNY_EUR": 0.09530375013307908,
                "CNY_JPY": 19.971616653076445,
                "CNY_GBP": 0.07770528912009964
            },
            "commodity_prices": {
                "lithium_carbonate_cny_per_ton": 1292274.6147136085,
                "nickel_cny_per_ton": 254537.79364350394,
                "cobalt_cny_per_ton": 604905.3064269767,
                "steel_cny_per_ton": 10262.798703933642,
                "aluminum_cny_per_ton": 37480.416223588145
            },
            "interest_rates": {
                "china_base_rate": 0.04928443749548835,
                "us_fed_rate": 0.06060385277107496,
                "ecb_rate": 0.056551347264227406,
                "corporate_bond_yield": 0.06455283561962218
            }
        },
        "forecasting": {
            "revenue_forecast": {
                "next_quarter": 7.545820022149791e+51,
                "next_year": 3.4206987585371436e+52,
                "growth_rate_projection": 0.1860112023040828
            },
            "cost_forecast": {
                "next_quarter": 6.452089965105675e+51,
                "next_year": 2.491955068648195e+52,
                "efficiency_improvement": 0.045397269274621926
            },
            "investment_pipeline": {
                "planned_capex": 45200,
                "rd_budget": 28500,
                "expansion_projects": 15800
            }
        },