{
    "timestamp": "2026-02-01T00:00:00",
    "type": "Financials",
    "data": {
        "revenue_streams": {
            "automotive": {
                "vehicle_sales": 15404923958,
                "after_sales_service": 2310738593.7,
                "financing_income": 1232393916.64,
                "leasing_income": 770246197.9000001,
                "total": 19718302666.24
            },
            "battery": {
                "oem_sales": 0.0,
                "replacement_market": 0.0,
                "energy_storage_systems": 0.0,
                "recycling_revenue": 0.0,
                "total": 0
            },
            "electronics": {
                "semiconductor_sales": 457.7610528341141,
                "igbt_modules": 366.20884226729135,
                "power_management": 287.7355189243003,
                "sensors_iot": 196.18330835747747,
                "total": 1307.8887223831832
            },
            "energy_storage": {
                "utility_scale": 5.476811604192878e+16,
                "commercial_industrial": 4.259742358816683e+16,
                "residential": 1.825603868064293e+16,
                "grid_services": 6085346226880976.0,
                "total": 1.2170692453761952e+17
            },
            "other_business": {
                "rail_transit": 39200.77605354713,
                "electronics_manufacturing": 21921.48660889149,
                "real_estate": 8252.7949586415,
                "total": 69375.05762108012
            }
        },
        "cost_structure": {
            "cost_of_goods_sold": {
                "raw_materials": 4.247562328780091e+16,
                "direct_labor": 1.6467624089591464e+16,
                "manufacturing_overhead": 9992471162567590.0,
                "logistics_distribution": 5264464890276852.0,
                "total": 7.420018343023682e+16
            },
            "operating_expenses": {
                "research_development": 7653113455942203.0,
                "sales_marketing": 1.4060793173352524e+16,
                "general_administrative": 9484379912051810.0,
                "warranty_provisions": 458513436.44441944,
                "total": 3.2227363736768532e+16
            },
            "financial_costs": {
                "interest_expense": 644.9683599935572,
                "foreign_exchange_loss": 696425769194742.5,
                "other_financial_costs": 388181109794056.44,
                "total": 1101559421811167.9
            }
        },
        "profitability_metrics": {
            "gross_profit": 4.750676082575605e+16,
            "gross_margin": 0.39033730668508515,
            "operating_profit": 1.5279397088987516e+16,
            "operating_margin": 0.12554252497581014,
            "net_profit": 1.4177837667176348e+16,
            "net_margin": 0.11649160821386927,
            "ebitda": 1.5279397088988362e+16,
            "ebitda_margin": 0.12554252497581708
        },
        "cash_flow": {
            "operating_cash_flow": {
                "net_income": 1.4177837667176348e+16,
                "depreciation_amortization": 846.1179896092713,
                "working_capital_change": 2776.321762092207,
                "other_operating_items": -1636.576449562722,
                "total": 1.4426012130922574e+16
            },
            "investing_cash_flow": {
                "capex": -3275.9475309786867,
                "rd_investments": -2295934036782661.0,
                "acquisitions": 0,
                "asset_disposals": 1210.0150185319778,
                "total": -2406997198805381.5
            },
            "financing_cash_flow": {
                "debt_issuance": 0,
                "debt_repayment": -2475.9206236939035,
                "equity_issuance": 0,
                "dividends_paid": -3544459416794087.0,
                "total": -3606503032746226.0
            },
            "net_cash_flow": 8412511899370966.0,
            "cash_balance": 8499066393285506.0
        },
        "balance_sheet": {
            "assets": {
                "current_assets": {
                    "cash_equivalents": 8499066393285506.0,
                    "accounts_receivable": 45200,
                    "inventory": 38500,
                    "other_current": 12800,
                    "total": 8499066393382006.0
                },
                "non_current_assets": {
                    "property_plant_equipment": 340877.0253850779,
                    "intangible_assets": 45200,
                    "investments": 28500,
                    "other_non_current": 15800,
                    "total": 430377.0253850779
                },
                "total_assets": 8499066393812383.0
            },
            "liabilities": {
                "current_liabilities": {
                    "accounts_payable": 52800,
                    "short_term_debt": 28500,
                    "accrued_expenses": 18200,
                    "other_current": 9500,
                    "total": 109000
                },
                "non_current_liabilities": {
                    "long_term_debt": 125600,
                    "deferred_tax": 15800,
                    "other_non_current": 8200,
                    "total": 149600
                },
                "total_liabilities": 258600
            },
            "equity": {
                "share_capital": 29100,
                "retained_earnings": 1.4426012131194112e+16,
                "other_equity": 53400,
                "total_equity": 1.4426012131276612e+16
            }
        },
        "financial_ratios": {
            "liquidity_ratios": {
                "current_ratio": 77973086177.81657,
                "quick_ratio": 77973086177.46336,
                "cash_ratio": 77973086176.93124
            },
            "efficiency_ratios": {
                "asset_turnover": 171.8404426320516,
                "inventory_turnover": 23127329900333.555,
                "receivables_turnover": 32311578121060.055,
                "working_capital_turnover": 0
            },
            "profitability_ratios": {
                "return_on_assets": 20.01796951839083,
                "return_on_equity": 11.793560857837734,
                "return_on_invested_capital": 0
            },
            "leverage_ratios": {
                "debt_to_equity": 1.0682092777802421e-11,
                "debt_to_assets": 3.042687137828101e-11,
                "interest_coverage": 23690149837955.07
            }
        },
        "market_data": {
            "exchange_rates": {
                "CNY_USD": 0.12611007177721945,
                "CNY_EUR": 0.10074347101661942,
                "CNY_JPY": 19.44783610376238,
                "CNY_GBP": 0.10886652362436992
            },
            "commodity_prices": {
                "lithium_carbonate_cny_per_ton": 809626.7636088801,
                "nickel_cny_per_ton": 153644.48640850972,
                "cobalt_cny_per_ton": 554267.6014658487,
                "steel_cny_per_ton": 5412.183974796004,
                "aluminum_cny_per_ton": 19299.869362521873
            },
            "interest_rates": {
                "china_base_rate": 0.03792852641402439,
                "us_fed_rate": 0.06076669314218505,
                "ecb_rate": 0.04657972222116118,
                "corporate_bond_yield": 0.04860007401036467
            }
        },
        "forecasting": {
            "revenue_forecast": {
                "next_quarter": 3.791276877099652e+17,
                "next_year": 1.6845930101436997e+18,
                "growth_rate_projection": 0.15344898110360566
            },
            "cost_forecast": {
                "next_quarter": 3.13717940216533e+17,
                "next_year": 1.1880953454523354e+18,
                "efficiency_improvement": 0.06971504944111201
            },
            "investment_pipeline": {
                "planned_capex": 45200,
                "rd_budget": 28500,