{
    "timestamp": "2026-03-01T00:00:00",
    "type": "Financials",
    "data": {
        "revenue_streams": {
            "automotive": {
                "vehicle_sales": 1633918312,
                "after_sales_service": 245087746.79999998,
                "financing_income": 130713464.96000001,
                "leasing_income": 81695915.60000001,
                "total": 2091415439.36
            },
            "battery": {
                "oem_sales": 0.0,
                "replacement_market": 0.0,
                "energy_storage_systems": 0.0,
                "recycling_revenue": 0.0,
                "total": 0
            },
            "electronics": {
                "semiconductor_sales": 669.7441578499437,
                "igbt_modules": 535.795326279955,
                "power_management": 420.98204207710745,
                "sensors_iot": 287.0332105071187,
                "total": 1913.5547367141248
            },
            "energy_storage": {
                "utility_scale": 1.8680801471490908e+18,
                "commercial_industrial": 1.452951225560404e+18,
                "residential": 6.226933823830303e+17,
                "grid_services": 2.0756446079434342e+17,
                "total": 4.1512892158868685e+18
            },
            "other_business": {
                "rail_transit": 38708.766983692396,
                "electronics_manufacturing": 21646.34995798588,
                "real_estate": 8149.214101829976,
                "total": 68504.33104350825
            }
        },
        "cost_structure": {
            "cost_of_goods_sold": {
                "raw_materials": 1.0679530973885334e+18,
                "direct_labor": 6.844641208766502e+17,
                "manufacturing_overhead": 4.0251592966354e+17,
                "logistics_distribution": 3.0112953213681626e+17,
                "total": 2.45606268006554e+18
            },
            "operating_expenses": {
                "research_development": 2.94585291059046e+17,
                "sales_marketing": 4.8703573484513e+17,
                "general_administrative": 2.913045343244362e+17,
                "warranty_provisions": 57494717.01530854,
                "total": 1.1051529240228755e+18
            },
            "financial_costs": {
                "interest_expense": 624.105950416433,
                "foreign_exchange_loss": 3.0558546299585676e+16,
                "other_financial_costs": 1.7317804562588114e+16,
                "total": 4.897791028398558e+16
            }
        },
        "profitability_metrics": {
            "gross_profit": 1.695226537912814e+18,
            "gross_margin": 0.4083614628851074,
            "operating_profit": 5.900736138899386e+17,
            "operating_margin": 0.14214225579235837,
            "net_profit": 5.4109570360595296e+17,
            "net_margin": 0.1303440148815896,
            "ebitda": 5.900736138899395e+17,
            "ebitda_margin": 0.1421422557923586
        },
        "cash_flow": {
            "operating_cash_flow": {
                "net_income": 5.4109570360595296e+17,
                "depreciation_amortization": 852.1925634626947,
                "working_capital_change": 2795.0331228568784,
                "other_operating_items": -399.6861363561786,
                "total": 5.555217157368788e+17
            },
            "investing_cash_flow": {
                "capex": -5988.5193796351405,
                "rd_investments": -8.837558731771381e+16,
                "acquisitions": 0,
                "asset_disposals": 1132.265011691351,
                "total": -9.078258451652405e+16
            },
            "financing_cash_flow": {
                "debt_issuance": 0,
                "debt_repayment": -3652.8726003141232,
                "equity_issuance": 0,
                "dividends_paid": -1.3527392590148824e+17,
                "total": -1.3888042893423811e+17
            },
            "net_cash_flow": 3.258587022861166e+17,
            "cash_balance": 3.343577686794021e+17
        },
        "balance_sheet": {
            "assets": {
                "current_assets": {
                    "cash_equivalents": 3.343577686794021e+17,
                    "accounts_receivable": 45200,
                    "inventory": 38500,
                    "other_current": 12800,
                    "total": 3.343577686794986e+17
                },
                "non_current_assets": {
                    "property_plant_equipment": 346013.3522012504,
                    "intangible_assets": 45200,
                    "investments": 28500,
                    "other_non_current": 15800,
                    "total": 435513.3522012504
                },
                "total_assets": 3.3435776867993414e+17
            },
            "liabilities": {
                "current_liabilities": {
                    "accounts_payable": 52800,
                    "short_term_debt": 28500,
                    "accrued_expenses": 18200,
                    "other_current": 9500,
                    "total": 109000
                },
                "non_current_liabilities": {
                    "long_term_debt": 125600,
                    "deferred_tax": 15800,
                    "other_non_current": 8200,
                    "total": 149600
                },
                "total_liabilities": 258600
            },
            "equity": {
                "share_capital": 29100,
                "retained_earnings": 5.555217157371471e+17,
                "other_equity": 53400,
                "total_equity": 5.555217157372296e+17
            }
        },
        "financial_ratios": {
            "liquidity_ratios": {
                "current_ratio": 3067502464949.529,
                "quick_ratio": 3067502464949.1753,
                "cash_ratio": 3067502464948.643
            },
            "efficiency_ratios": {
                "asset_turnover": 148.98852451496765,
                "inventory_turnover": 765526030150298.2,
                "receivables_turnover": 1102112181764164.9,
                "working_capital_turnover": 0
            },
            "profitability_ratios": {
                "return_on_assets": 19.419762456565017,
                "return_on_equity": 11.688379156617517,
                "return_on_invested_capital": 0
            },
            "leverage_ratios": {
                "debt_to_equity": 2.773968967090599e-13,
                "debt_to_assets": 7.734230343173103e-13,
                "interest_coverage": 945470257888446.0
            }
        },
        "market_data": {
            "exchange_rates": {
                "CNY_USD": 0.13023593244911158,
                "CNY_EUR": 0.10196345352402196,
                "CNY_JPY": 20.243325966267083,
                "CNY_GBP": 0.10462616813637
            },
            "commodity_prices": {
                "lithium_carbonate_cny_per_ton": 871315.8701496931,
                "nickel_cny_per_ton": 165932.52756733052,
                "cobalt_cny_per_ton": 556235.776549341,
                "steel_cny_per_ton": 5305.472565391877,
                "aluminum_cny_per_ton": 21085.79053346389
            },
            "interest_rates": {
                "china_base_rate": 0.03996942754756127,
                "us_fed_rate": 0.059592803919197204,
                "ecb_rate": 0.046463312026030906,
                "corporate_bond_yield": 0.05077764335576853
            }
        },
        "forecasting": {
            "revenue_forecast": {
                "next_quarter": 1.3009898688502557e+19,
                "next_year": 5.871196716882016e+19,
                "growth_rate_projection": 0.17858902953470984
            },
            "cost_forecast": {
                "next_quarter": 1.0611544396797723e+19,
                "next_year": 4.15809486015806e+19,
                "efficiency_improvement": 0.026995432078397556
            },
            "investment_pipeline": {
                "planned_capex": 45200,
                "rd_budget": 28500,