{
    "timestamp": "2025-03-01T00:00:00",
    "type": "Financials",
    "data": {
        "revenue_streams": {
            "automotive": {
                "vehicle_sales": 0,
                "after_sales_service": 0.0,
                "financing_income": 0.0,
                "leasing_income": 0.0,
                "total": 0.0
            },
            "battery": {
                "oem_sales": 0.0,
                "replacement_market": 0.0,
                "energy_storage_systems": 0.0,
                "recycling_revenue": 0.0,
                "total": 0
            },
            "electronics": {
                "semiconductor_sales": 68.59217234377377,
                "igbt_modules": 54.873737875019025,
                "power_management": 43.115079758943516,
                "sensors_iot": 29.39664529018876,
                "total": 195.97763526792508
            },
            "energy_storage": {
                "utility_scale": 985.9727527393204,
                "commercial_industrial": 766.8676965750269,
                "residential": 328.6575842464401,
                "grid_services": 109.55252808214671,
                "total": 2191.050561642934
            },
            "other_business": {
                "rail_transit": 17318.28548927377,
                "electronics_manufacturing": 9684.567543343885,
                "real_estate": 3645.9548398471093,
                "total": 30648.807872464764
            }
        },
        "cost_structure": {
            "cost_of_goods_sold": {
                "raw_materials": 10988.464381083619,
                "direct_labor": 4275.802649859875,
                "manufacturing_overhead": 3074.6036539296956,
                "logistics_distribution": 1803.3775803315714,
                "total": 20142.248265204762
            },
            "operating_expenses": {
                "research_development": 2043.3861109693953,
                "sales_marketing": 3649.1479556564195,
                "general_administrative": 2278.4012884056474,
                "warranty_provisions": 0.0,
                "total": 21478.886290415776
            },
            "financial_costs": {
                "interest_expense": 609.83089196773,
                "foreign_exchange_loss": 163.57948437052974,
                "other_financial_costs": 165.16752078736286,
                "total": 2685.352627712392
            }
        },
        "profitability_metrics": {
            "gross_profit": 12893.587804170864,
            "gross_margin": 0.39029094880765797,
            "operating_profit": -8585.298486244912,
            "operating_margin": -0.25987834750770916,
            "net_profit": -11270.651113957305,
            "net_margin": -0.3411643976646697,
            "ebitda": -7851.587551537393,
            "ebitda_margin": -0.23766880108767252
        },
        "cash_flow": {
            "operating_cash_flow": {
                "net_income": -11270.651113957305,
                "depreciation_amortization": 733.7109347075196,
                "working_capital_change": -4813.923970469247,
                "other_operating_items": -728.3519550680162,
                "total": -12835.344208992401
            },
            "investing_cash_flow": {
                "capex": -5269.078096149245,
                "rd_investments": -613.0158332908186,
                "acquisitions": 0,
                "asset_disposals": 0,
                "total": -15157.390424300296
            },
            "financing_cash_flow": {
                "debt_issuance": 0,
                "debt_repayment": 0,
                "equity_issuance": 0,
                "dividends_paid": 0,
                "total": -1067.7197761023513
            },
            "net_cash_flow": -29060.45440939505,
            "cash_balance": 118261.83634002606
        },
        "balance_sheet": {
            "assets": {
                "current_assets": {
                    "cash_equivalents": 118261.83634002606,
                    "accounts_receivable": 45200,
                    "inventory": 38500,
                    "other_current": 12800,
                    "total": 214761.83634002606
                },
                "non_current_assets": {
                    "property_plant_equipment": 298019.74104444956,
                    "intangible_assets": 45200,
                    "investments": 28500,
                    "other_non_current": 15800,
                    "total": 387519.74104444956
                },
                "total_assets": 602281.5773844756
            },
            "liabilities": {
                "current_liabilities": {
                    "accounts_payable": 52800,
                    "short_term_debt": 28500,
                    "accrued_expenses": 18200,
                    "other_current": 9500,
                    "total": 109000
                },
                "non_current_liabilities": {
                    "long_term_debt": 125600,
                    "deferred_tax": 15800,
                    "other_non_current": 8200,
                    "total": 149600
                },
                "total_liabilities": 258600
            },
            "equity": {
                "share_capital": 29100,
                "retained_earnings": 276387.0683784899,
                "other_equity": 53400,
                "total_equity": 358887.0683784899
            }
        },
        "financial_ratios": {
            "liquidity_ratios": {
                "current_ratio": 1.9702920765140006,
                "quick_ratio": 1.6170810673396887,
                "cash_ratio": 1.0849709755965693
            },
            "efficiency_ratios": {
                "asset_turnover": 0.6582137786018322,
                "inventory_turnover": 6.278103355388497,
                "receivables_turnover": 8.770575947621847,
                "working_capital_turnover": 0
            },
            "profitability_ratios": {
                "return_on_assets": -0.22455910731128034,
                "return_on_equity": -0.37685340399295875,
                "return_on_invested_capital": 0
            },
            "leverage_ratios": {
                "debt_to_equity": 0.4293829830543877,
                "debt_to_assets": 0.42936727555742377,
                "interest_coverage": -14.078162650210928
            }
        },
        "market_data": {
            "exchange_rates": {
                "CNY_USD": 0.14045224519329416,
                "CNY_EUR": 0.12546169341802932,
                "CNY_JPY": 22.413443583340765,
                "CNY_GBP": 0.11719212875710279
            },
            "commodity_prices": {
                "lithium_carbonate_cny_per_ton": 369362.6452372647,
                "nickel_cny_per_ton": 126808.70668899248,
                "cobalt_cny_per_ton": 386864.6713672985,
                "steel_cny_per_ton": 4429.670128033905,
                "aluminum_cny_per_ton": 19280.6332629066
            },
            "interest_rates": {
                "china_base_rate": 0.041355340029920994,
                "us_fed_rate": 0.057526897156781664,
                "ecb_rate": 0.04351108960422853,
                "corporate_bond_yield": 0.04552025900123276
            }
        },
        "forecasting": {
            "revenue_forecast": {
                "next_quarter": 102795.72060513338,
                "next_year": 455441.4311846117,
                "growth_rate_projection": 0.1488570326785424
            },
            "cost_forecast": {
                "next_quarter": 122595.91307903916,
                "next_year": 463173.7652622875,
                "efficiency_improvement": 0.07263907666243499
            },
            "investment_pipeline": {
                "planned_capex": 45200,
                "rd_budget": 28500,
                "expansion_projects": 15800
            }
        },
        "risk_metrics": {
            "financial_risks": {
                "currency_exposure": 0.25,
                "commodity_price_risk": 0.35,