{
    "timestamp": "2026-11-01T00:00:00",
    "type": "Financials",
    "data": {
        "revenue_streams": {
            "automotive": {
                "vehicle_sales": 0,
                "after_sales_service": 0.0,
                "financing_income": 0.0,
                "leasing_income": 0.0,
                "total": 0.0
            },
            "battery": {
                "oem_sales": 0.0,
                "replacement_market": 0.0,
                "energy_storage_systems": 0.0,
                "recycling_revenue": 0.0,
                "total": 0
            },
            "electronics": {
                "semiconductor_sales": 398312.399471336,
                "igbt_modules": 318649.9195770689,
                "power_management": 250367.79395341122,
                "sensors_iot": 170705.314059144,
                "total": 1138035.42706096
            },
            "energy_storage": {
                "utility_scale": 1.251424366884122e+32,
                "commercial_industrial": 9.733300631320948e+31,
                "residential": 4.171414556280406e+31,
                "grid_services": 1.3904715187601357e+31,
                "total": 2.780943037520271e+32
            },
            "other_business": {
                "rail_transit": 45569.446708504765,
                "electronics_manufacturing": 25482.914277782267,
                "real_estate": 9593.567728106262,
                "total": 80645.92871439329
            }
        },
        "cost_structure": {
            "cost_of_goods_sold": {
                "raw_materials": 7.080634604471123e+31,
                "direct_labor": 4.332305429006141e+31,
                "manufacturing_overhead": 2.3650736294653346e+31,
                "logistics_distribution": 1.6929283932785443e+31,
                "total": 1.5470942056221143e+32
            },
            "operating_expenses": {
                "research_development": 2.4038495650299964e+31,
                "sales_marketing": 2.3747315684299964e+31,
                "general_administrative": 2.1963085088546185e+31,
                "warranty_provisions": 0.0,
                "total": 7.046966696945439e+31
            },
            "financial_costs": {
                "interest_expense": 731.4435925067436,
                "foreign_exchange_loss": 1.8340401511981282e+30,
                "other_financial_costs": 1.0942350161111518e+30,
                "total": 2.944269926452704e+30
            }
        },
        "profitability_metrics": {
            "gross_profit": 1.2338488318981568e+32,
            "gross_margin": 0.4436800089937703,
            "operating_profit": 5.291521622036129e+31,
            "operating_margin": 0.19027795789569665,
            "net_profit": 4.997094629390859e+31,
            "net_margin": 0.17969065032869927,
            "ebitda": 5.291521622036129e+31,
            "ebitda_margin": 0.19027795789569665
        },
        "cash_flow": {
            "operating_cash_flow": {
                "net_income": 4.997094629390859e+31,
                "depreciation_amortization": 939.1423799805498,
                "working_capital_change": 5661.603618155943,
                "other_operating_items": -119.5732405309368,
                "total": 5.061648263285021e+31
            },
            "investing_cash_flow": {
                "capex": -6906.619379988788,
                "rd_investments": -7.211548695089989e+30,
                "acquisitions": 0,
                "asset_disposals": 0,
                "total": -7.277911574684591e+30
            },
            "financing_cash_flow": {
                "debt_issuance": 0,
                "debt_repayment": 0,
                "equity_issuance": 0,
                "dividends_paid": -1.2492736573477147e+31,
                "total": -1.2654120658212553e+31
            },
            "net_cash_flow": 3.068445039995307e+31,
            "cash_balance": 3.110392849971115e+31
        },
        "balance_sheet": {
            "assets": {
                "current_assets": {
                    "cash_equivalents": 3.110392849971115e+31,
                    "accounts_receivable": 45200,
                    "inventory": 38500,
                    "other_current": 12800,
                    "total": 3.110392849971115e+31
                },
                "non_current_assets": {
                    "property_plant_equipment": 381624.4289922281,
                    "intangible_assets": 45200,
                    "investments": 28500,
                    "other_non_current": 15800,
                    "total": 471124.4289922281
                },
                "total_assets": 3.110392849971115e+31
            },
            "liabilities": {
                "current_liabilities": {
                    "accounts_payable": 52800,
                    "short_term_debt": 28500,
                    "accrued_expenses": 18200,
                    "other_current": 9500,
                    "total": 109000
                },
                "non_current_liabilities": {
                    "long_term_debt": 125600,
                    "deferred_tax": 15800,
                    "other_non_current": 8200,
                    "total": 149600
                },
                "total_liabilities": 258600
            },
            "equity": {
                "share_capital": 29100,
                "retained_earnings": 5.061648263285021e+31,
                "other_equity": 53400,
                "total_equity": 5.061648263285021e+31
            }
        },
        "financial_ratios": {
            "liquidity_ratios": {
                "current_ratio": 2.8535714219918487e+26,
                "quick_ratio": 2.8535714219918487e+26,
                "cash_ratio": 2.8535714219918487e+26
            },
            "efficiency_ratios": {
                "asset_turnover": 107.28971567226037,
                "inventory_turnover": 4.822111809731266e+28,
                "receivables_turnover": 7.383034612885675e+28,
                "working_capital_turnover": 0
            },
            "profitability_ratios": {
                "return_on_assets": 19.278958782729706,
                "return_on_equity": 11.846958230513788,
                "return_on_invested_capital": 0
            },
            "leverage_ratios": {
                "debt_to_equity": 3.0444628307694528e-27,
                "debt_to_assets": 8.314062321818979e-27,
                "interest_coverage": 7.234353648381087e+28
            }
        },
        "market_data": {
            "exchange_rates": {
                "CNY_USD": 0.11543334636124623,
                "CNY_EUR": 0.09715111753641092,
                "CNY_JPY": 20.55119266500907,
                "CNY_GBP": 0.07971644507995859
            },
            "commodity_prices": {
                "lithium_carbonate_cny_per_ton": 858505.6914890197,
                "nickel_cny_per_ton": 214217.50007590113,
                "cobalt_cny_per_ton": 523889.472883328,
                "steel_cny_per_ton": 7469.839540882159,
                "aluminum_cny_per_ton": 29002.267398581127
            },
            "interest_rates": {
                "china_base_rate": 0.04130523151323923,
                "us_fed_rate": 0.06024344154330937,
                "ecb_rate": 0.04752725114969206,
                "corporate_bond_yield": 0.05988856588098553
            }
        },
        "forecasting": {
            "revenue_forecast": {
                "next_quarter": 8.779193838202431e+32,
                "next_year": 4.035315206050913e+33,
                "growth_rate_projection": 0.20921666727399896
            },
            "cost_forecast": {
                "next_quarter": 6.650188780213899e+32,
                "next_year": 2.53385489720227e+33,
                "efficiency_improvement": 0.06228159514518765
            },
            "investment_pipeline": {
                "planned_capex": 45200,
                "rd_budget": 28500,
                "expansion_projects": 15800
            }
        },