{
    "timestamp": "2027-10-01T00:00:00",
    "type": "Financials",
    "data": {
        "revenue_streams": {
            "automotive": {
                "vehicle_sales": 0,
                "after_sales_service": 0.0,
                "financing_income": 0.0,
                "leasing_income": 0.0,
                "total": 0.0
            },
            "battery": {
                "oem_sales": 0.0,
                "replacement_market": 0.0,
                "energy_storage_systems": 0.0,
                "recycling_revenue": 0.0,
                "total": 0
            },
            "electronics": {
                "semiconductor_sales": 594587317696586.9,
                "igbt_modules": 475669854157269.56,
                "power_management": 373740599694997.5,
                "sensors_iot": 254823136155680.1,
                "total": 1698820907704534.0
            },
            "energy_storage": {
                "utility_scale": 5.582734624505033e+55,
                "commercial_industrial": 4.342126930170581e+55,
                "residential": 1.8609115415016777e+55,
                "grid_services": 6.203038471672259e+54,
                "total": 1.2406076943344518e+56
            },
            "other_business": {
                "rail_transit": 64681.54573621855,
                "electronics_manufacturing": 36170.60123406957,
                "real_estate": 13617.167523414422,
                "total": 114469.31449370254
            }
        },
        "cost_structure": {
            "cost_of_goods_sold": {
                "raw_materials": 4.100414552805248e+55,
                "direct_labor": 1.9292830219323345e+55,
                "manufacturing_overhead": 1.2152342979127639e+55,
                "logistics_distribution": 5.453359829479872e+54,
                "total": 7.790267855598334e+55
            },
            "operating_expenses": {
                "research_development": 1.18552542741567e+55,
                "sales_marketing": 1.0856292155825217e+55,
                "general_administrative": 6.47923657544924e+54,
                "warranty_provisions": 0.0,
                "total": 2.9305444190656746e+55
            },
            "financial_costs": {
                "interest_expense": 808.1509009974205,
                "foreign_exchange_loss": 4.49824322904772e+53,
                "other_financial_costs": 2.681670012278294e+53,
                "total": 7.222582486082679e+53
            }
        },
        "profitability_metrics": {
            "gross_profit": 4.615809087746184e+55,
            "gross_margin": 0.3720603304997576,
            "operating_profit": 1.6852646686805094e+55,
            "operating_margin": 0.13584186817288785,
            "net_profit": 1.6130388438196826e+55,
            "net_margin": 0.13002005800754193,
            "ebitda": 1.6852646686805094e+55,
            "ebitda_margin": 0.13584186817288785
        },
        "cash_flow": {
            "operating_cash_flow": {
                "net_income": 1.6130388438196826e+55,
                "depreciation_amortization": 1055.3871409791502,
                "working_capital_change": 3235.6744328966724,
                "other_operating_items": 570.6043987570342,
                "total": 1.6211797394571114e+55
            },
            "investing_cash_flow": {
                "capex": -7666.745663913443,
                "rd_investments": -3.55657628224701e+54,
                "acquisitions": 0,
                "asset_disposals": 0,
                "total": -3.5667578874780235e+54
            },
            "financing_cash_flow": {
                "debt_issuance": 0,
                "debt_repayment": 0,
                "equity_issuance": 0,
                "dividends_paid": -4.0325971095492066e+54,
                "total": -4.0529493486427786e+54
            },
            "net_cash_flow": 8.592090158450311e+54,
            "cash_balance": 8.643062123663532e+54
        },
        "balance_sheet": {
            "assets": {
                "current_assets": {
                    "cash_equivalents": 8.643062123663532e+54,
                    "accounts_receivable": 45200,
                    "inventory": 38500,
                    "other_current": 12800,
                    "total": 8.643062123663532e+54
                },
                "non_current_assets": {
                    "property_plant_equipment": 428766.2149145944,
                    "intangible_assets": 45200,
                    "investments": 28500,
                    "other_non_current": 15800,
                    "total": 518266.2149145944
                },
                "total_assets": 8.643062123663532e+54
            },
            "liabilities": {
                "current_liabilities": {
                    "accounts_payable": 52800,
                    "short_term_debt": 28500,
                    "accrued_expenses": 18200,
                    "other_current": 9500,
                    "total": 109000
                },
                "non_current_liabilities": {
                    "long_term_debt": 125600,
                    "deferred_tax": 15800,
                    "other_non_current": 8200,
                    "total": 149600
                },
                "total_liabilities": 258600
            },
            "equity": {
                "share_capital": 29100,
                "retained_earnings": 1.6211797394571114e+55,
                "other_equity": 53400,
                "total_equity": 1.6211797394571114e+55
            }
        },
        "financial_ratios": {
            "liquidity_ratios": {
                "current_ratio": 7.929414792351864e+49,
                "quick_ratio": 7.929414792351864e+49,
                "cash_ratio": 7.929414792351864e+49
            },
            "efficiency_ratios": {
                "asset_turnover": 172.2455782338303,
                "inventory_turnover": 2.428135435511169e+52,
                "receivables_turnover": 3.2936487460206684e+52,
                "working_capital_turnover": 0
            },
            "profitability_ratios": {
                "return_on_assets": 22.395380073505216,
                "return_on_equity": 11.93974095205393,
                "return_on_invested_capital": 0
            },
            "leverage_ratios": {
                "debt_to_equity": 9.505423504219456e-51,
                "debt_to_assets": 2.9919951551891344e-50,
                "interest_coverage": 2.0853341456410606e+52
            }
        },
        "market_data": {
            "exchange_rates": {
                "CNY_USD": 0.11170071381342947,
                "CNY_EUR": 0.09108375066069614,
                "CNY_JPY": 19.767415065577513,
                "CNY_GBP": 0.07415650836646119
            },
            "commodity_prices": {
                "lithium_carbonate_cny_per_ton": 1278490.5223081938,
                "nickel_cny_per_ton": 285728.7510229414,
                "cobalt_cny_per_ton": 710311.8453796816,
                "steel_cny_per_ton": 11446.254623835992,
                "aluminum_cny_per_ton": 42940.71260815496
            },
            "interest_rates": {
                "china_base_rate": 0.04961282513864111,
                "us_fed_rate": 0.0611983816231848,
                "ecb_rate": 0.05890943935472086,
                "corporate_bond_yield": 0.06140248602810448
            }
        },
        "forecasting": {
            "revenue_forecast": {
                "next_quarter": 3.8278496880651437e+56,
                "next_year": 1.658371801300203e+57,
                "growth_rate_projection": 0.11395125743185956
            },
            "cost_forecast": {
                "next_quarter": 3.1971256603427594e+56,
                "next_year": 1.2559086376693718e+57,
                "efficiency_improvement": 0.023776832782995975
            },
            "investment_pipeline": {
                "planned_capex": 45200,
                "rd_budget": 28500,
                "expansion_projects": 15800
            }
        },