{
    "timestamp": "2025-05-01T00:00:00",
    "type": "Financials",
    "data": {
        "revenue_streams": {
            "automotive": {
                "vehicle_sales": 0,
                "after_sales_service": 0.0,
                "financing_income": 0.0,
                "leasing_income": 0.0,
                "total": 0.0
            },
            "battery": {
                "oem_sales": 0.0,
                "replacement_market": 0.0,
                "energy_storage_systems": 0.0,
                "recycling_revenue": 0.0,
                "total": 0
            },
            "electronics": {
                "semiconductor_sales": 80.290389965841,
                "igbt_modules": 64.23231197267282,
                "power_management": 50.46824512138578,
                "sensors_iot": 34.41016712821757,
                "total": 229.40111418811716
            },
            "energy_storage": {
                "utility_scale": 108541.83543512604,
                "commercial_industrial": 84421.42756065357,
                "residential": 36180.61181170867,
                "grid_services": 12060.203937236227,
                "total": 241204.0787447245
            },
            "other_business": {
                "rail_transit": 19772.176969558874,
                "electronics_manufacturing": 11056.80948955595,
                "real_estate": 4162.56357253871,
                "total": 34991.55003165353
            }
        },
        "cost_structure": {
            "cost_of_goods_sold": {
                "raw_materials": 84744.26315195083,
                "direct_labor": 47847.01222654984,
                "manufacturing_overhead": 29897.34040424768,
                "logistics_distribution": 12753.11896451716,
                "total": 175241.73474726552
            },
            "operating_expenses": {
                "research_development": 23228.979264082554,
                "sales_marketing": 24649.447930199312,
                "general_administrative": 14197.369143808994,
                "warranty_provisions": 0.0,
                "total": 98238.40638064746
            },
            "financial_costs": {
                "interest_expense": 581.7253287151115,
                "foreign_exchange_loss": 658.2359817817055,
                "other_financial_costs": 788.8531700076505,
                "total": 5771.802862946461
            }
        },
        "profitability_metrics": {
            "gross_profit": 101183.29514330061,
            "gross_margin": 0.3660424498583144,
            "operating_profit": 2944.8887626531505,
            "operating_margin": 0.010653480850916438,
            "net_profit": -2826.91410029331,
            "net_margin": -0.010226693658719895,
            "ebitda": 3702.338260442002,
            "ebitda_margin": 0.013393643339417274
        },
        "cash_flow": {
            "operating_cash_flow": {
                "net_income": -2826.91410029331,
                "depreciation_amortization": 757.4494977888518,
                "working_capital_change": -3080.768676579966,
                "other_operating_items": 2276.445949527173,
                "total": -36004.29891382418
            },
            "investing_cash_flow": {
                "capex": -4131.326622351897,
                "rd_investments": -6968.693779224766,
                "acquisitions": 0,
                "asset_disposals": 0,
                "total": -33395.50752903134
            },
            "financing_cash_flow": {
                "debt_issuance": 0,
                "debt_repayment": -4940.13753594217,
                "equity_issuance": 0,
                "dividends_paid": 0,
                "total": -6007.857312044522
            },
            "net_cash_flow": -75407.66375490004,
            "cash_balance": -13639.545902697944
        },
        "balance_sheet": {
            "assets": {
                "current_assets": {
                    "cash_equivalents": -13639.545902697944,
                    "accounts_receivable": 45200,
                    "inventory": 38500,
                    "other_current": 12800,
                    "total": 82860.45409730205
                },
                "non_current_assets": {
                    "property_plant_equipment": 306353.6762401038,
                    "intangible_assets": 45200,
                    "investments": 28500,
                    "other_non_current": 15800,
                    "total": 395853.6762401038
                },
                "total_assets": 478714.13033740583
            },
            "liabilities": {
                "current_liabilities": {
                    "accounts_payable": 52800,
                    "short_term_debt": 28500,
                    "accrued_expenses": 18200,
                    "other_current": 9500,
                    "total": 109000
                },
                "non_current_liabilities": {
                    "long_term_debt": 125600,
                    "deferred_tax": 15800,
                    "other_non_current": 8200,
                    "total": 149600
                },
                "total_liabilities": 258600
            },
            "equity": {
                "share_capital": 29100,
                "retained_earnings": 255702.4578300365,
                "other_equity": 53400,
                "total_equity": 338202.4578300365
            }
        },
        "financial_ratios": {
            "liquidity_ratios": {
                "current_ratio": 0.7601876522688261,
                "quick_ratio": 0.4069766430945142,
                "cash_ratio": -0.12513344864860498
            },
            "efficiency_ratios": {
                "asset_turnover": 6.929188316101814,
                "inventory_turnover": 54.62080044070614,
                "receivables_turnover": 73.38717607714145,
                "working_capital_turnover": 0
            },
            "profitability_ratios": {
                "return_on_assets": -0.07086268621235442,
                "return_on_equity": -0.10030373351268693,
                "return_on_invested_capital": 0
            },
            "leverage_ratios": {
                "debt_to_equity": 0.45564423448821556,
                "debt_to_assets": 0.5401971314649399,
                "interest_coverage": 5.062335465360753
            }
        },
        "market_data": {
            "exchange_rates": {
                "CNY_USD": 0.13019211267268146,
                "CNY_EUR": 0.1214253216297007,
                "CNY_JPY": 22.171578526468274,
                "CNY_GBP": 0.11821773219185562
            },
            "commodity_prices": {
                "lithium_carbonate_cny_per_ton": 411656.7620582013,
                "nickel_cny_per_ton": 129368.9157680702,
                "cobalt_cny_per_ton": 460699.40353347425,
                "steel_cny_per_ton": 4417.862553268565,
                "aluminum_cny_per_ton": 19296.522302608
            },
            "interest_rates": {
                "china_base_rate": 0.03919915011782382,
                "us_fed_rate": 0.058262137975933846,
                "ecb_rate": 0.04405030553364187,
                "corporate_bond_yield": 0.04789208975630718
            }
        },
        "forecasting": {
            "revenue_forecast": {
                "next_quarter": 848460.0867861223,
                "next_year": 3624060.312517577,
                "growth_rate_projection": 0.09253863936522716
            },
            "cost_forecast": {
                "next_quarter": 812596.7870742019,
                "next_year": 3156263.5125823626,
                "efficiency_improvement": 0.038241101174355
            },
            "investment_pipeline": {
                "planned_capex": 45200,
                "rd_budget": 28500,
                "expansion_projects": 15800
            }
        },
        "risk_metrics": {
            "financial_risks": {
                "currency_exposure": 0.25,
                "commodity_price_risk": 0.35,