{
    "timestamp": "2027-07-01T00:00:00",
    "type": "Financials",
    "data": {
        "revenue_streams": {
            "automotive": {
                "vehicle_sales": 0,
                "after_sales_service": 0.0,
                "financing_income": 0.0,
                "leasing_income": 0.0,
                "total": 0.0
            },
            "battery": {
                "oem_sales": 0.0,
                "replacement_market": 0.0,
                "energy_storage_systems": 0.0,
                "recycling_revenue": 0.0,
                "total": 0
            },
            "electronics": {
                "semiconductor_sales": 468443613931.90247,
                "igbt_modules": 374754891145.52203,
                "power_management": 294450271614.33875,
                "sensors_iot": 200761548827.95822,
                "total": 1338410325519.7214
            },
            "energy_storage": {
                "utility_scale": 5.630136957864817e+48,
                "commercial_industrial": 4.378995411672635e+48,
                "residential": 1.8767123192882722e+48,
                "grid_services": 6.2557077309609084e+47,
                "total": 1.2511415461921816e+49
            },
            "other_business": {
                "rail_transit": 64276.861469196374,
                "electronics_manufacturing": 35944.297532116376,
                "real_estate": 13531.970835620281,
                "total": 113753.12983693303
            }
        },
        "cost_structure": {
            "cost_of_goods_sold": {
                "raw_materials": 3.9213409076459416e+48,
                "direct_labor": 1.5125105456754826e+48,
                "manufacturing_overhead": 1.8232877874940314e+48,
                "logistics_distribution": 9.982678547808168e+47,
                "total": 8.255407095596272e+48
            },
            "operating_expenses": {
                "research_development": 1.0352745448700858e+48,
                "sales_marketing": 1.4439767011375039e+48,
                "general_administrative": 9.409662389494035e+47,
                "warranty_provisions": 0.0,
                "total": 3.4388627770068614e+48
            },
            "financial_costs": {
                "interest_expense": 786.6954363439686,
                "foreign_exchange_loss": 5.606438268135254e+46,
                "other_financial_costs": 5.384376811073187e+46,
                "total": 1.1069857605416568e+47
            }
        },
        "profitability_metrics": {
            "gross_profit": 4.256008366325544e+48,
            "gross_margin": 0.3401700134791783,
            "operating_profit": 8.171455893186824e+47,
            "operating_margin": 0.06531200181191688,
            "net_profit": 7.064470132645167e+47,
            "net_margin": 0.0564641958709285,
            "ebitda": 8.171455893186824e+47,
            "ebitda_margin": 0.06531200181191688
        },
        "cash_flow": {
            "operating_cash_flow": {
                "net_income": 7.064470132645167e+47,
                "depreciation_amortization": 1022.3223797786609,
                "working_capital_change": 7854.649026639099,
                "other_operating_items": -473.97952530863745,
                "total": 7.113337170250683e+47
            },
            "investing_cash_flow": {
                "capex": -5032.771535943534,
                "rd_investments": -3.1058236346102576e+47,
                "acquisitions": 0,
                "asset_disposals": 0,
                "total": -3.122130512345876e+47
            },
            "financing_cash_flow": {
                "debt_issuance": 0,
                "debt_repayment": 0,
                "equity_issuance": 0,
                "dividends_paid": -1.7661175331612918e+47,
                "total": -1.7783342925626708e+47
            },
            "net_cash_flow": 2.212872365342137e+47,
            "cash_balance": 2.233376567191083e+47
        },
        "balance_sheet": {
            "assets": {
                "current_assets": {
                    "cash_equivalents": 2.233376567191083e+47,
                    "accounts_receivable": 45200,
                    "inventory": 38500,
                    "other_current": 12800,
                    "total": 2.233376567191083e+47
                },
                "non_current_assets": {
                    "property_plant_equipment": 412939.4010676293,
                    "intangible_assets": 45200,
                    "investments": 28500,
                    "other_non_current": 15800,
                    "total": 502439.4010676293
                },
                "total_assets": 2.233376567191083e+47
            },
            "liabilities": {
                "current_liabilities": {
                    "accounts_payable": 52800,
                    "short_term_debt": 28500,
                    "accrued_expenses": 18200,
                    "other_current": 9500,
                    "total": 109000
                },
                "non_current_liabilities": {
                    "long_term_debt": 125600,
                    "deferred_tax": 15800,
                    "other_non_current": 8200,
                    "total": 149600
                },
                "total_liabilities": 258600
            },
            "equity": {
                "share_capital": 29100,
                "retained_earnings": 7.113337170250683e+47,
                "other_equity": 53400,
                "total_equity": 7.113337170250683e+47
            }
        },
        "financial_ratios": {
            "liquidity_ratios": {
                "current_ratio": 2.0489693276982412e+42,
                "quick_ratio": 2.0489693276982412e+42,
                "cash_ratio": 2.0489693276982412e+42
            },
            "efficiency_ratios": {
                "asset_turnover": 672.2421455862637,
                "inventory_turnover": 2.5731138999261108e+45,
                "receivables_turnover": 3.321614724404022e+45,
                "working_capital_turnover": 0
            },
            "profitability_ratios": {
                "return_on_assets": 37.95761218107602,
                "return_on_equity": 11.91756268018355,
                "return_on_invested_capital": 0
            },
            "leverage_ratios": {
                "debt_to_equity": 2.1663530957660105e-43,
                "debt_to_assets": 1.1578880328508198e-42,
                "interest_coverage": 1.0387064060219106e+45
            }
        },
        "market_data": {
            "exchange_rates": {
                "CNY_USD": 0.11246676548085864,
                "CNY_EUR": 0.09565972542891724,
                "CNY_JPY": 19.25230568393233,
                "CNY_GBP": 0.08149937132468936
            },
            "commodity_prices": {
                "lithium_carbonate_cny_per_ton": 1103901.41773766,
                "nickel_cny_per_ton": 237646.06065820536,
                "cobalt_cny_per_ton": 640827.8673432838,
                "steel_cny_per_ton": 9836.901419923732,
                "aluminum_cny_per_ton": 40115.343715371826
            },
            "interest_rates": {
                "china_base_rate": 0.049329965182986886,
                "us_fed_rate": 0.059870256177425564,
                "ecb_rate": 0.05678279923783087,
                "corporate_bond_yield": 0.06228267057627351
            }
        },
        "forecasting": {
            "revenue_forecast": {
                "next_quarter": 3.8887998047564057e+49,
                "next_year": 1.7179701213183956e+50,
                "growth_rate_projection": 0.14426842600063597
            },
            "cost_forecast": {
                "next_quarter": 3.4469833766747413e+49,
                "next_year": 1.3052362485424584e+50,
                "efficiency_improvement": 0.06988902630544339
            },
            "investment_pipeline": {
                "planned_capex": 45200,
                "rd_budget": 28500,