{
    "timestamp": "2027-03-01T00:00:00",
    "type": "Financials",
    "data": {
        "revenue_streams": {
            "automotive": {
                "vehicle_sales": 0,
                "after_sales_service": 0.0,
                "financing_income": 0.0,
                "leasing_income": 0.0,
                "total": 0.0
            },
            "battery": {
                "oem_sales": 0.0,
                "replacement_market": 0.0,
                "energy_storage_systems": 0.0,
                "recycling_revenue": 0.0,
                "total": 0
            },
            "electronics": {
                "semiconductor_sales": 161662630.69523415,
                "igbt_modules": 129330104.55618735,
                "power_management": 101616510.72271863,
                "sensors_iot": 69283984.58367178,
                "total": 461893230.5578119
            },
            "energy_storage": {
                "utility_scale": 1.1609366488745178e+40,
                "commercial_industrial": 9.029507269024026e+39,
                "residential": 3.869788829581725e+39,
                "grid_services": 1.2899296098605752e+39,
                "total": 2.5798592197211504e+40
            },
            "other_business": {
                "rail_transit": 51745.75239698571,
                "electronics_manufacturing": 28936.769432524896,
                "real_estate": 10893.842609891723,
                "total": 91576.36443940233
            }
        },
        "cost_structure": {
            "cost_of_goods_sold": {
                "raw_materials": 8.406257730072724e+39,
                "direct_labor": 3.3943206060061835e+39,
                "manufacturing_overhead": 2.4915944252779502e+39,
                "logistics_distribution": 2.0571027227739935e+39,
                "total": 1.6349275484130852e+40
            },
            "operating_expenses": {
                "research_development": 2.363795792728412e+39,
                "sales_marketing": 2.2295072680949345e+39,
                "general_administrative": 1.6426324275818962e+39,
                "warranty_provisions": 0.0,
                "total": 6.287726524985107e+39
            },
            "financial_costs": {
                "interest_expense": 759.9634379486288,
                "foreign_exchange_loss": 6.424184391874755e+37,
                "other_financial_costs": 9.879308065724053e+37,
                "total": 1.652224712399987e+38
            }
        },
        "profitability_metrics": {
            "gross_profit": 9.449316713080652e+39,
            "gross_margin": 0.36627257180730977,
            "operating_profit": 3.161590188095545e+39,
            "operating_margin": 0.12254894235807458,
            "net_profit": 2.9963677168555466e+39,
            "net_margin": 0.11614462114639788,
            "ebitda": 3.161590188095545e+39,
            "ebitda_margin": 0.12254894235807458
        },
        "cash_flow": {
            "operating_cash_flow": {
                "net_income": 2.9963677168555466e+39,
                "depreciation_amortization": 993.150280680872,
                "working_capital_change": -4553.843415876372,
                "other_operating_items": 1211.816442264445,
                "total": 3.019152704969357e+39
            },
            "investing_cash_flow": {
                "capex": -3409.214629713228,
                "rd_investments": -7.091387378185236e+38,
                "acquisitions": 0,
                "asset_disposals": 0,
                "total": -7.141266822900817e+38
            },
            "financing_cash_flow": {
                "debt_issuance": 0,
                "debt_repayment": 0,
                "equity_issuance": 0,
                "dividends_paid": -7.490919292138866e+38,
                "total": -7.547881762423392e+38
            },
            "net_cash_flow": 1.550237846436936e+39,
            "cash_balance": 1.5625445241478005e+39
        },
        "balance_sheet": {
            "assets": {
                "current_assets": {
                    "cash_equivalents": 1.5625445241478005e+39,
                    "accounts_receivable": 45200,
                    "inventory": 38500,
                    "other_current": 12800,
                    "total": 1.5625445241478005e+39
                },
                "non_current_assets": {
                    "property_plant_equipment": 399676.17662138114,
                    "intangible_assets": 45200,
                    "investments": 28500,
                    "other_non_current": 15800,
                    "total": 489176.17662138114
                },
                "total_assets": 1.5625445241478005e+39
            },
            "liabilities": {
                "current_liabilities": {
                    "accounts_payable": 52800,
                    "short_term_debt": 28500,
                    "accrued_expenses": 18200,
                    "other_current": 9500,
                    "total": 109000
                },
                "non_current_liabilities": {
                    "long_term_debt": 125600,
                    "deferred_tax": 15800,
                    "other_non_current": 8200,
                    "total": 149600
                },
                "total_liabilities": 258600
            },
            "equity": {
                "share_capital": 29100,
                "retained_earnings": 3.019152704969357e+39,
                "other_equity": 53400,
                "total_equity": 3.019152704969357e+39
            }
        },
        "financial_ratios": {
            "liquidity_ratios": {
                "current_ratio": 1.433527086374129e+34,
                "quick_ratio": 1.433527086374129e+34,
                "cash_ratio": 1.433527086374129e+34
            },
            "efficiency_ratios": {
                "asset_turnover": 198.12754234019812,
                "inventory_turnover": 5.09587807297585e+36,
                "receivables_turnover": 6.849183769171196e+36,
                "working_capital_turnover": 0
            },
            "profitability_ratios": {
                "return_on_assets": 23.011448343769214,
                "return_on_equity": 11.909438215259636,
                "return_on_invested_capital": 0
            },
            "leverage_ratios": {
                "debt_to_equity": 5.104081014065967e-35,
                "debt_to_assets": 1.6549928402266707e-34,
                "interest_coverage": 4.160187227729841e+36
            }
        },
        "market_data": {
            "exchange_rates": {
                "CNY_USD": 0.1168644013321364,
                "CNY_EUR": 0.09715172332866168,
                "CNY_JPY": 18.375904327940336,
                "CNY_GBP": 0.07679267611314758
            },
            "commodity_prices": {
                "lithium_carbonate_cny_per_ton": 933971.4184896769,
                "nickel_cny_per_ton": 251782.11083989832,
                "cobalt_cny_per_ton": 517920.4690382498,
                "steel_cny_per_ton": 9476.1687099084,
                "aluminum_cny_per_ton": 34098.34579612321
            },
            "interest_rates": {
                "china_base_rate": 0.045113759939408575,
                "us_fed_rate": 0.058121950864792056,
                "ecb_rate": 0.05144342912455985,
                "corporate_bond_yield": 0.06158224786465854
            }
        },
        "forecasting": {
            "revenue_forecast": {
                "next_quarter": 8.081011315220461e+40,
                "next_year": 3.642124913356597e+41,
                "growth_rate_projection": 0.17646113061622276
            },
            "cost_forecast": {
                "next_quarter": 6.711378229008362e+40,
                "next_year": 2.5888844431316346e+41,
                "efficiency_improvement": 0.04695696817939694
            },
            "investment_pipeline": {
                "planned_capex": 45200,
                "rd_budget": 28500,
                "expansion_projects": 15800
            }
        },