{
    "timestamp": "2026-08-01T00:00:00",
    "type": "Financials",
    "data": {
        "revenue_streams": {
            "automotive": {
                "vehicle_sales": 0,
                "after_sales_service": 0.0,
                "financing_income": 0.0,
                "leasing_income": 0.0,
                "total": 0.0
            },
            "battery": {
                "oem_sales": 0.0,
                "replacement_market": 0.0,
                "energy_storage_systems": 0.0,
                "recycling_revenue": 0.0,
                "total": 0
            },
            "electronics": {
                "semiconductor_sales": 16058.497397663918,
                "igbt_modules": 12846.797918131137,
                "power_management": 10093.912649960177,
                "sensors_iot": 6882.213170427393,
                "total": 45881.421136182624
            },
            "energy_storage": {
                "utility_scale": 3.772830022360473e+26,
                "commercial_industrial": 2.9344233507248123e+26,
                "residential": 1.2576100074534911e+26,
                "grid_services": 4.1920333581783035e+25,
                "total": 8.384066716356607e+26
            },
            "other_business": {
                "rail_transit": 41707.96212095421,
                "electronics_manufacturing": 23323.53144921781,
                "real_estate": 8780.62360441141,
                "total": 73812.11717458343
            }
        },
        "cost_structure": {
            "cost_of_goods_sold": {
                "raw_materials": 2.6230648041658554e+26,
                "direct_labor": 1.3709504249430486e+26,
                "manufacturing_overhead": 1.0760470488692674e+26,
                "logistics_distribution": 3.999429930381558e+25,
                "total": 5.470005271016327e+26
            },
            "operating_expenses": {
                "research_development": 7.973217928443983e+25,
                "sales_marketing": 8.378694108001035e+25,
                "general_administrative": 6.252183843106186e+25,
                "warranty_provisions": 0.0,
                "total": 2.2982198251448066e+26
            },
            "financial_costs": {
                "interest_expense": 694.101364376373,
                "foreign_exchange_loss": 1.4339240009367665e+24,
                "other_financial_costs": 2.9747847038296824e+24,
                "total": 4.5686703179377676e+24
            }
        },
        "profitability_metrics": {
            "gross_profit": 2.91406144534028e+26,
            "gross_margin": 0.3475713569472428,
            "operating_profit": 6.1584162019547345e+25,
            "operating_margin": 0.07345380720718961,
            "net_profit": 5.7015491701609576e+25,
            "net_margin": 0.06800457776698884,
            "ebitda": 6.1584162019547345e+25,
            "ebitda_margin": 0.07345380720718961
        },
        "cash_flow": {
            "operating_cash_flow": {
                "net_income": 5.7015491701609576e+25,
                "depreciation_amortization": 906.4450953617144,
                "working_capital_change": 6689.46166216764,
                "other_operating_items": 1319.4471857846852,
                "total": 5.921563876734951e+25
            },
            "investing_cash_flow": {
                "capex": -4603.19491107544,
                "rd_investments": -2.391965378533195e+25,
                "acquisitions": 0,
                "asset_disposals": 0,
                "total": -2.4288454716588714e+25
            },
            "financing_cash_flow": {
                "debt_issuance": 0,
                "debt_repayment": -2247.714983577628,
                "equity_issuance": 0,
                "dividends_paid": -1.4253872925402394e+25,
                "total": -1.4803909691837378e+25
            },
            "net_cash_flow": 2.0123274358923417e+25,
            "cash_balance": 2.1405234101501874e+25
        },
        "balance_sheet": {
            "assets": {
                "current_assets": {
                    "cash_equivalents": 2.1405234101501874e+25,
                    "accounts_receivable": 45200,
                    "inventory": 38500,
                    "other_current": 12800,
                    "total": 2.1405234101501874e+25
                },
                "non_current_assets": {
                    "property_plant_equipment": 366274.7879603995,
                    "intangible_assets": 45200,
                    "investments": 28500,
                    "other_non_current": 15800,
                    "total": 455774.7879603995
                },
                "total_assets": 2.1405234101501874e+25
            },
            "liabilities": {
                "current_liabilities": {
                    "accounts_payable": 52800,
                    "short_term_debt": 28500,
                    "accrued_expenses": 18200,
                    "other_current": 9500,
                    "total": 109000
                },
                "non_current_liabilities": {
                    "long_term_debt": 125600,
                    "deferred_tax": 15800,
                    "other_non_current": 8200,
                    "total": 149600
                },
                "total_liabilities": 258600
            },
            "equity": {
                "share_capital": 29100,
                "retained_earnings": 5.921563876734951e+25,
                "other_equity": 53400,
                "total_equity": 5.921563876734951e+25
            }
        },
        "financial_ratios": {
            "liquidity_ratios": {
                "current_ratio": 1.963782945091915e+20,
                "quick_ratio": 1.963782945091915e+20,
                "cash_ratio": 1.963782945091915e+20
            },
            "efficiency_ratios": {
                "asset_turnover": 470.0196228604675,
                "inventory_turnover": 1.7049367078492448e+23,
                "receivables_turnover": 2.225858420271666e+23,
                "working_capital_turnover": 0
            },
            "profitability_ratios": {
                "return_on_assets": 31.963485994825437,
                "return_on_equity": 11.554142025004438,
                "return_on_invested_capital": 0
            },
            "leverage_ratios": {
                "debt_to_equity": 2.602353081175713e-21,
                "debt_to_assets": 1.2081157289555437e-20,
                "interest_coverage": 8.872502660310813e+22
            }
        },
        "market_data": {
            "exchange_rates": {
                "CNY_USD": 0.11812702526347865,
                "CNY_EUR": 0.09088234209113678,
                "CNY_JPY": 20.279637507647518,
                "CNY_GBP": 0.08766680199236455
            },
            "commodity_prices": {
                "lithium_carbonate_cny_per_ton": 898604.2019941126,
                "nickel_cny_per_ton": 186409.64853401197,
                "cobalt_cny_per_ton": 604906.7335486278,
                "steel_cny_per_ton": 5991.971361966603,
                "aluminum_cny_per_ton": 23589.0385198972
            },
            "interest_rates": {
                "china_base_rate": 0.0377794998744168,
                "us_fed_rate": 0.06352016084616692,
                "ecb_rate": 0.04750882388856458,
                "corporate_bond_yield": 0.05583554275196838
            }
        },
        "forecasting": {
            "revenue_forecast": {
                "next_quarter": 2.6341660098184675e+27,
                "next_year": 1.1964015978211695e+28,
                "growth_rate_projection": 0.18916197264100465
            },
            "cost_forecast": {
                "next_quarter": 2.3153586636267138e+27,
                "next_year": 9.080128271847339e+27,
                "efficiency_improvement": 0.025932762477223148
            },
            "investment_pipeline": {
                "planned_capex": 45200,
                "rd_budget": 28500,