{
    "timestamp": "2025-04-01T00:00:00",
    "type": "Financials",
    "data": {
        "revenue_streams": {
            "automotive": {
                "vehicle_sales": 0,
                "after_sales_service": 0.0,
                "financing_income": 0.0,
                "leasing_income": 0.0,
                "total": 0.0
            },
            "battery": {
                "oem_sales": 0.0,
                "replacement_market": 0.0,
                "energy_storage_systems": 0.0,
                "recycling_revenue": 0.0,
                "total": 0
            },
            "electronics": {
                "semiconductor_sales": 74.40111100885285,
                "igbt_modules": 59.520888807082294,
                "power_management": 46.76641263413609,
                "sensors_iot": 31.88619043236551,
                "total": 212.57460288243675
            },
            "energy_storage": {
                "utility_scale": 9765.479497187795,
                "commercial_industrial": 7595.372942257173,
                "residential": 3255.1598323959315,
                "grid_services": 1085.0532774653107,
                "total": 21701.06554930621
            },
            "other_business": {
                "rail_transit": 19028.42522786979,
                "electronics_manufacturing": 10640.895686637712,
                "real_estate": 4005.984258498903,
                "total": 33675.3051730064
            }
        },
        "cost_structure": {
            "cost_of_goods_sold": {
                "raw_materials": 15493.0105033339,
                "direct_labor": 8353.748221432848,
                "manufacturing_overhead": 6366.010214684207,
                "logistics_distribution": 3328.2744089055714,
                "total": 33541.04334835653
            },
            "operating_expenses": {
                "research_development": 4776.630931506867,
                "sales_marketing": 5826.955936233694,
                "general_administrative": 4080.136884400259,
                "warranty_provisions": 0.0,
                "total": 36162.6100425566
            },
            "financial_costs": {
                "interest_expense": 584.555992674164,
                "foreign_exchange_loss": 222.00709711184032,
                "other_financial_costs": 251.0726649435966,
                "total": 3742.988382441993
            }
        },
        "profitability_metrics": {
            "gross_profit": 22047.901976838526,
            "gross_margin": 0.3966238583563406,
            "operating_profit": -14114.70806571807,
            "operating_margin": -0.25391213996140954,
            "net_profit": -17857.696448160063,
            "net_margin": -0.32124546245107954,
            "ebitda": -13369.658713106946,
            "ebitda_margin": -0.24050930692954345
        },
        "cash_flow": {
            "operating_cash_flow": {
                "net_income": -17857.696448160063,
                "depreciation_amortization": 745.0493526111239,
                "working_capital_change": -1387.9352916815164,
                "other_operating_items": -1794.584988044076,
                "total": -33130.51158426693
            },
            "investing_cash_flow": {
                "capex": -5705.107423702322,
                "rd_investments": -1432.98927945206,
                "acquisitions": 0,
                "asset_disposals": 0,
                "total": -22295.48712745468
            },
            "financing_cash_flow": {
                "debt_issuance": 0,
                "debt_repayment": 0,
                "equity_issuance": 0,
                "dividends_paid": 0,
                "total": -1067.7197761023513
            },
            "net_cash_flow": -56493.71848782396,
            "cash_balance": 61768.1178522021
        },
        "balance_sheet": {
            "assets": {
                "current_assets": {
                    "cash_equivalents": 61768.1178522021,
                    "accounts_receivable": 45200,
                    "inventory": 38500,
                    "other_current": 12800,
                    "total": 158268.1178522021
                },
                "non_current_assets": {
                    "property_plant_equipment": 302979.79911554075,
                    "intangible_assets": 45200,
                    "investments": 28500,
                    "other_non_current": 15800,
                    "total": 392479.79911554075
                },
                "total_assets": 550747.9169677428
            },
            "liabilities": {
                "current_liabilities": {
                    "accounts_payable": 52800,
                    "short_term_debt": 28500,
                    "accrued_expenses": 18200,
                    "other_current": 9500,
                    "total": 109000
                },
                "non_current_liabilities": {
                    "long_term_debt": 125600,
                    "deferred_tax": 15800,
                    "other_non_current": 8200,
                    "total": 149600
                },
                "total_liabilities": 258600
            },
            "equity": {
                "share_capital": 29100,
                "retained_earnings": 258529.3719303298,
                "other_equity": 53400,
                "total_equity": 341029.3719303298
            }
        },
        "financial_ratios": {
            "liquidity_ratios": {
                "current_ratio": 1.4520010812128632,
                "quick_ratio": 1.0987900720385513,
                "cash_ratio": 0.5666799802954321
            },
            "efficiency_ratios": {
                "asset_turnover": 1.2112026634163569,
                "inventory_turnover": 10.454351173513723,
                "receivables_turnover": 14.758127077485412,
                "working_capital_turnover": 0
            },
            "profitability_ratios": {
                "return_on_assets": -0.3890933597311668,
                "return_on_equity": -0.6283692110300088,
                "return_on_invested_capital": 0
            },
            "leverage_ratios": {
                "debt_to_equity": 0.4518672369120208,
                "debt_to_assets": 0.4695433101658851,
                "interest_coverage": -24.14603261724787
            }
        },
        "market_data": {
            "exchange_rates": {
                "CNY_USD": 0.1354330869953231,
                "CNY_EUR": 0.12499997951578896,
                "CNY_JPY": 22.511426393861704,
                "CNY_GBP": 0.12009266357667184
            },
            "commodity_prices": {
                "lithium_carbonate_cny_per_ton": 438989.47323901125,
                "nickel_cny_per_ton": 127901.66004756531,
                "cobalt_cny_per_ton": 431358.7002535031,
                "steel_cny_per_ton": 4167.528957907376,
                "aluminum_cny_per_ton": 19510.89179952077
            },
            "interest_rates": {
                "china_base_rate": 0.04081642803010005,
                "us_fed_rate": 0.05943951938122903,
                "ecb_rate": 0.04240973620801847,
                "corporate_bond_yield": 0.04529983091876274
            }
        },
        "forecasting": {
            "revenue_forecast": {
                "next_quarter": 175282.63676626259,
                "next_year": 803320.1565531796,
                "growth_rate_projection": 0.20425645760705474
            },
            "cost_forecast": {
                "next_quarter": 205004.83318871065,
                "next_year": 770745.8089464979,
                "efficiency_improvement": 0.07854446233974147
            },
            "investment_pipeline": {
                "planned_capex": 45200,
                "rd_budget": 28500,
                "expansion_projects": 15800
            }
        },
        "risk_metrics": {
            "financial_risks": {
                "currency_exposure": 0.25,
                "commodity_price_risk": 0.35,
                "interest_rate_risk": 0.15,