{
    "timestamp": "2026-12-01T00:00:00",
    "type": "Financials",
    "data": {
        "revenue_streams": {
            "automotive": {
                "vehicle_sales": 0,
                "after_sales_service": 0.0,
                "financing_income": 0.0,
                "leasing_income": 0.0,
                "total": 0.0
            },
            "battery": {
                "oem_sales": 0.0,
                "replacement_market": 0.0,
                "energy_storage_systems": 0.0,
                "recycling_revenue": 0.0,
                "total": 0
            },
            "electronics": {
                "semiconductor_sales": 1501731.4065084876,
                "igbt_modules": 1201385.1252067904,
                "power_management": 943945.4555196209,
                "sensors_iot": 643599.1742179233,
                "total": 4290661.161452822
            },
            "energy_storage": {
                "utility_scale": 1.0547819231081959e+34,
                "commercial_industrial": 8.203859401952635e+33,
                "residential": 3.515939743693986e+33,
                "grid_services": 1.1719799145646621e+33,
                "total": 2.343959829129324e+34
            },
            "other_business": {
                "rail_transit": 49037.473055781076,
                "electronics_manufacturing": 27422.271116719676,
                "real_estate": 10323.678538059168,
                "total": 86783.42271055991
            }
        },
        "cost_structure": {
            "cost_of_goods_sold": {
                "raw_materials": 7.49737846065085e+33,
                "direct_labor": 2.841171783010448e+33,
                "manufacturing_overhead": 3.360472365799164e+33,
                "logistics_distribution": 1.581248402558521e+33,
                "total": 1.5280271012018984e+34
            },
            "operating_expenses": {
                "research_development": 1.474103983363785e+33,
                "sales_marketing": 2.5954971107929992e+33,
                "general_administrative": 1.4702505413149743e+33,
                "warranty_provisions": 0.0,
                "total": 5.610321302441213e+33
            },
            "financial_costs": {
                "interest_expense": 769.0690001883225,
                "foreign_exchange_loss": 1.1055950254978807e+32,
                "other_financial_costs": 8.334450515141271e+31,
                "total": 1.968482776276535e+32
            }
        },
        "profitability_metrics": {
            "gross_profit": 8.159327279274257e+33,
            "gross_margin": 0.3481001328553093,
            "operating_profit": 2.5490059768330447e+33,
            "operating_margin": 0.10874785246553846,
            "net_profit": 2.3521576992053913e+33,
            "net_margin": 0.100349744478305,
            "ebitda": 2.5490059768330447e+33,
            "ebitda_margin": 0.10874785246553846
        },
        "cash_flow": {
            "operating_cash_flow": {
                "net_income": 2.3521576992053913e+33,
                "depreciation_amortization": 954.0610724805703,
                "working_capital_change": -3630.906654595331,
                "other_operating_items": -1482.8722662713299,
                "total": 2.4027741818382415e+33
            },
            "investing_cash_flow": {
                "capex": -7376.00292805609,
                "rd_investments": -4.422311950091355e+32,
                "acquisitions": 0,
                "asset_disposals": 0,
                "total": -4.495091065838201e+32
            },
            "financing_cash_flow": {
                "debt_issuance": 0,
                "debt_repayment": 0,
                "equity_issuance": 0,
                "dividends_paid": -5.880394248013478e+32,
                "total": -6.006935454595604e+32
            },
            "net_cash_flow": 1.352571529794861e+33,
            "cash_balance": 1.3836754582945723e+33
        },
        "balance_sheet": {
            "assets": {
                "current_assets": {
                    "cash_equivalents": 1.3836754582945723e+33,
                    "accounts_receivable": 45200,
                    "inventory": 38500,
                    "other_current": 12800,
                    "total": 1.3836754582945723e+33
                },
                "non_current_assets": {
                    "property_plant_equipment": 388046.37084780366,
                    "intangible_assets": 45200,
                    "investments": 28500,
                    "other_non_current": 15800,
                    "total": 477546.37084780366
                },
                "total_assets": 1.3836754582945723e+33
            },
            "liabilities": {
                "current_liabilities": {
                    "accounts_payable": 52800,
                    "short_term_debt": 28500,
                    "accrued_expenses": 18200,
                    "other_current": 9500,
                    "total": 109000
                },
                "non_current_liabilities": {
                    "long_term_debt": 125600,
                    "deferred_tax": 15800,
                    "other_non_current": 8200,
                    "total": 149600
                },
                "total_liabilities": 258600
            },
            "equity": {
                "share_capital": 29100,
                "retained_earnings": 2.4027741818382415e+33,
                "other_equity": 53400,
                "total_equity": 2.4027741818382415e+33
            }
        },
        "financial_ratios": {
            "liquidity_ratios": {
                "current_ratio": 1.2694270259583232e+28,
                "quick_ratio": 1.2694270259583232e+28,
                "cash_ratio": 1.2694270259583232e+28
            },
            "efficiency_ratios": {
                "asset_turnover": 203.28117970828237,
                "inventory_turnover": 4.762681873876047e+30,
                "receivables_turnover": 6.222902201228294e+30,
                "working_capital_turnover": 0
            },
            "profitability_ratios": {
                "return_on_assets": 20.399214440974532,
                "return_on_equity": 11.747209789340456,
                "return_on_invested_capital": 0
            },
            "leverage_ratios": {
                "debt_to_equity": 6.41342000279468e-29,
                "debt_to_assets": 1.8689353666699663e-28,
                "interest_coverage": 3.314404788398528e+30
            }
        },
        "market_data": {
            "exchange_rates": {
                "CNY_USD": 0.11004893796219871,
                "CNY_EUR": 0.0971798120384073,
                "CNY_JPY": 19.87090684649342,
                "CNY_GBP": 0.07648599508325149
            },
            "commodity_prices": {
                "lithium_carbonate_cny_per_ton": 828915.1880086779,
                "nickel_cny_per_ton": 237029.4215277688,
                "cobalt_cny_per_ton": 517345.9846358743,
                "steel_cny_per_ton": 8244.2789369304,
                "aluminum_cny_per_ton": 30359.27965911674
            },
            "interest_rates": {
                "china_base_rate": 0.042137153692707006,
                "us_fed_rate": 0.05890993204982221,
                "ecb_rate": 0.047106278263187654,
                "corporate_bond_yield": 0.06269450209291616
            }
        },
        "forecasting": {
            "revenue_forecast": {
                "next_quarter": 7.436820566408296e+34,
                "next_year": 3.4606575213877054e+35,
                "growth_rate_projection": 0.23034585831375815
            },
            "cost_forecast": {
                "next_quarter": 6.156568578887308e+34,
                "next_year": 2.3298964930140215e+35,
                "efficiency_improvement": 0.07059580617966443
            },
            "investment_pipeline": {
                "planned_capex": 45200,
                "rd_budget": 28500,
                "expansion_projects": 15800
            }
        },