{
    "timestamp": "2025-10-01T00:00:00",
    "type": "Financials",
    "data": {
        "revenue_streams": {
            "automotive": {
                "vehicle_sales": 0,
                "after_sales_service": 0.0,
                "financing_income": 0.0,
                "leasing_income": 0.0,
                "total": 0.0
            },
            "battery": {
                "oem_sales": 0.0,
                "replacement_market": 0.0,
                "energy_storage_systems": 0.0,
                "recycling_revenue": 0.0,
                "total": 0
            },
            "electronics": {
                "semiconductor_sales": 162.04781194473594,
                "igbt_modules": 129.63824955578878,
                "power_management": 101.85862465097688,
                "sensors_iot": 69.44906226202968,
                "total": 462.99374841353125
            },
            "energy_storage": {
                "utility_scale": 106192487713.49815,
                "commercial_industrial": 82594157110.49855,
                "residential": 35397495904.49938,
                "grid_services": 11799165301.499794,
                "total": 235983306029.99588
            },
            "other_business": {
                "rail_transit": 29097.516641822887,
                "electronics_manufacturing": 16271.637595756223,
                "real_estate": 6125.79297722587,
                "total": 51494.94721480498
            }
        },
        "cost_structure": {
            "cost_of_goods_sold": {
                "raw_materials": 68140862899.58859,
                "direct_labor": 36239163822.04132,
                "manufacturing_overhead": 31481072405.668953,
                "logistics_distribution": 12894257788.16117,
                "total": 148755356915.46002
            },
            "operating_expenses": {
                "research_development": 19042226466.70257,
                "sales_marketing": 25268044812.43405,
                "general_administrative": 18575699825.953472,
                "warranty_provisions": 0.0,
                "total": 66211417608.52553
            },
            "financial_costs": {
                "interest_expense": 641.2658843467271,
                "foreign_exchange_loss": 1042333604.6242533,
                "other_financial_costs": 551493626.5980409,
                "total": 1682987351.8254714
            }
        },
        "profitability_metrics": {
            "gross_profit": 87228001072.4768,
            "gross_margin": 0.36963623967473075,
            "operating_profit": 21016583463.95128,
            "operating_margin": 0.08905959997834093,
            "net_profit": 19333596112.12581,
            "net_margin": 0.08192779472658457,
            "ebitda": 21016584272.505165,
            "ebitda_margin": 0.08905960340465834
        },
        "cash_flow": {
            "operating_cash_flow": {
                "net_income": 19333596112.12581,
                "depreciation_amortization": 808.5538846334422,
                "working_capital_change": 3943.131176061748,
                "other_operating_items": -1938.782624053904,
                "total": 20051103742.038776
            },
            "investing_cash_flow": {
                "capex": -5648.08217297812,
                "rd_investments": -5712667940.010772,
                "acquisitions": 0,
                "asset_disposals": 0,
                "total": -6056136858.078773
            },
            "financing_cash_flow": {
                "debt_issuance": 1297.9855997686818,
                "debt_repayment": 0,
                "equity_issuance": 0,
                "dividends_paid": -4833399028.031452,
                "total": -5012789710.243403
            },
            "net_cash_flow": 8982177173.716599,
            "cash_balance": 9259169937.92618
        },
        "balance_sheet": {
            "assets": {
                "current_assets": {
                    "cash_equivalents": 9259169937.92618,
                    "accounts_receivable": 45200,
                    "inventory": 38500,
                    "other_current": 12800,
                    "total": 9259266437.92618
                },
                "non_current_assets": {
                    "property_plant_equipment": 328261.08214172156,
                    "intangible_assets": 45200,
                    "investments": 28500,
                    "other_non_current": 15800,
                    "total": 417761.08214172156
                },
                "total_assets": 9259684199.008322
            },
            "liabilities": {
                "current_liabilities": {
                    "accounts_payable": 52800,
                    "short_term_debt": 28500,
                    "accrued_expenses": 18200,
                    "other_current": 9500,
                    "total": 109000
                },
                "non_current_liabilities": {
                    "long_term_debt": 125600,
                    "deferred_tax": 15800,
                    "other_non_current": 8200,
                    "total": 149600
                },
                "total_liabilities": 258600
            },
            "equity": {
                "share_capital": 29100,
                "retained_earnings": 20051377951.12989,
                "other_equity": 53400,
                "total_equity": 20051460451.12989
            }
        },
        "financial_ratios": {
            "liquidity_ratios": {
                "current_ratio": 84947.39851308422,
                "quick_ratio": 84947.04530207504,
                "cash_ratio": 84946.51319198331
            },
            "efficiency_ratios": {
                "asset_turnover": 305.82039678615797,
                "inventory_turnover": 46365306.05157196,
                "receivables_turnover": 62650449.02334607,
                "working_capital_turnover": 0
            },
            "profitability_ratios": {
                "return_on_assets": 25.05519069109899,
                "return_on_equity": 11.57038680104902,
                "return_on_invested_capital": 0
            },
            "leverage_ratios": {
                "debt_to_equity": 7.685225740817125e-06,
                "debt_to_assets": 2.7927518308636823e-05,
                "interest_coverage": 32773587.33243914
            }
        },
        "market_data": {
            "exchange_rates": {
                "CNY_USD": 0.12903345436074504,
                "CNY_EUR": 0.10981732047480276,
                "CNY_JPY": 19.381922372775517,
                "CNY_GBP": 0.11109757023445908
            },
            "commodity_prices": {
                "lithium_carbonate_cny_per_ton": 632803.5659970876,
                "nickel_cny_per_ton": 140491.37447426777,
                "cobalt_cny_per_ton": 478968.0070981095,
                "steel_cny_per_ton": 5046.879434611633,
                "aluminum_cny_per_ton": 18798.169347535586
            },
            "interest_rates": {
                "china_base_rate": 0.038045196797031416,
                "us_fed_rate": 0.062267458196033375,
                "ecb_rate": 0.04303437499130183,
                "corporate_bond_yield": 0.04840381320730896
            }
        },
        "forecasting": {
            "revenue_forecast": {
                "next_quarter": 727496121946.7975,
                "next_year": 3144537063583.0337,
                "growth_rate_projection": 0.11043743733819349
            },
            "cost_forecast": {
                "next_quarter": 632971390861.1967,
                "next_year": 2388738370915.669,
                "efficiency_improvement": 0.07398931136947293
            },
            "investment_pipeline": {
                "planned_capex": 45200,
                "rd_budget": 28500,
                "expansion_projects": 15800
            }
        },
        "risk_metrics": {
            "financial_risks": {
                "currency_exposure": 0.25,
                "commodity_price_risk": 0.35,