{
    "timestamp": "2027-02-01T00:00:00",
    "type": "Financials",
    "data": {
        "revenue_streams": {
            "automotive": {
                "vehicle_sales": 0,
                "after_sales_service": 0.0,
                "financing_income": 0.0,
                "leasing_income": 0.0,
                "total": 0.0
            },
            "battery": {
                "oem_sales": 0.0,
                "replacement_market": 0.0,
                "energy_storage_systems": 0.0,
                "recycling_revenue": 0.0,
                "total": 0
            },
            "electronics": {
                "semiconductor_sales": 30328134.307757746,
                "igbt_modules": 24262507.4462062,
                "power_management": 19063398.70773344,
                "sensors_iot": 12997771.846181892,
                "total": 86651812.30787928
            },
            "energy_storage": {
                "utility_scale": 1.0041441346997794e+38,
                "commercial_industrial": 7.810009936553839e+37,
                "residential": 3.3471471156659314e+37,
                "grid_services": 1.115715705221977e+37,
                "total": 2.2314314104439542e+38
            },
            "other_business": {
                "rail_transit": 50275.95634822101,
                "electronics_manufacturing": 28114.84401051832,
                "real_estate": 10584.411862783365,
                "total": 88975.2122215227
            }
        },
        "cost_structure": {
            "cost_of_goods_sold": {
                "raw_materials": 7.587280484305004e+37,
                "direct_labor": 2.9025822600673274e+37,
                "manufacturing_overhead": 2.7288228903881655e+37,
                "logistics_distribution": 1.4530781392634895e+37,
                "total": 1.4671763774023985e+38
            },
            "operating_expenses": {
                "research_development": 1.6462969510058162e+37,
                "sales_marketing": 2.172144201818096e+37,
                "general_administrative": 1.310661740393779e+37,
                "warranty_provisions": 0.0,
                "total": 5.179103657986458e+37
            },
            "financial_costs": {
                "interest_expense": 785.4985790083792,
                "foreign_exchange_loss": 1.5755007561525755e+36,
                "other_financial_costs": 5.9026953938994035e+35,
                "total": 2.1875466640106299e+36
            }
        },
        "profitability_metrics": {
            "gross_profit": 7.642550330415557e+37,
            "gross_margin": 0.34249541772359626,
            "operating_profit": 2.4634466724290986e+37,
            "operating_margin": 0.11039759774372737,
            "net_profit": 2.2446920060280357e+37,
            "net_margin": 0.10059426409084397,
            "ebitda": 2.4634466724290986e+37,
            "ebitda_margin": 0.11039759774372737
        },
        "cash_flow": {
            "operating_cash_flow": {
                "net_income": 2.2446920060280357e+37,
                "depreciation_amortization": 982.7883162698608,
                "working_capital_change": -3143.3322405852095,
                "other_operating_items": 1240.0623797383532,
                "total": 2.2784988113810007e+37
            },
            "investing_cash_flow": {
                "capex": -5127.574080674302,
                "rd_investments": -4.9388908530174487e+36,
                "acquisitions": 0,
                "asset_disposals": 0,
                "total": -4.987944471558098e+36
            },
            "financing_cash_flow": {
                "debt_issuance": 0,
                "debt_repayment": 0,
                "equity_issuance": 0,
                "dividends_paid": -5.611730015070089e+36,
                "total": -5.696247028452502e+36
            },
            "net_cash_flow": 1.2100796613799406e+37,
            "cash_balance": 1.230667771086429e+37
        },
        "balance_sheet": {
            "assets": {
                "current_assets": {
                    "cash_equivalents": 1.230667771086429e+37,
                    "accounts_receivable": 45200,
                    "inventory": 38500,
                    "other_current": 12800,
                    "total": 1.230667771086429e+37
                },
                "non_current_assets": {
                    "property_plant_equipment": 397260.1122723488,
                    "intangible_assets": 45200,
                    "investments": 28500,
                    "other_non_current": 15800,
                    "total": 486760.1122723488
                },
                "total_assets": 1.230667771086429e+37
            },
            "liabilities": {
                "current_liabilities": {
                    "accounts_payable": 52800,
                    "short_term_debt": 28500,
                    "accrued_expenses": 18200,
                    "other_current": 9500,
                    "total": 109000
                },
                "non_current_liabilities": {
                    "long_term_debt": 125600,
                    "deferred_tax": 15800,
                    "other_non_current": 8200,
                    "total": 149600
                },
                "total_liabilities": 258600
            },
            "equity": {
                "share_capital": 29100,
                "retained_earnings": 2.2784988113810007e+37,
                "other_equity": 53400,
                "total_equity": 2.2784988113810007e+37
            }
        },
        "financial_ratios": {
            "liquidity_ratios": {
                "current_ratio": 1.1290530009967238e+32,
                "quick_ratio": 1.1290530009967238e+32,
                "cash_ratio": 1.1290530009967238e+32
            },
            "efficiency_ratios": {
                "asset_turnover": 217.58249914750476,
                "inventory_turnover": 4.573017280215269e+34,
                "receivables_turnover": 5.924154187019348e+34,
                "working_capital_turnover": 0
            },
            "profitability_ratios": {
                "return_on_assets": 21.887551380789926,
                "return_on_equity": 11.8219522159901,
                "return_on_invested_capital": 0
            },
            "leverage_ratios": {
                "debt_to_equity": 6.763224945752761e-33,
                "debt_to_assets": 2.101298222604049e-32,
                "interest_coverage": 3.136156752236238e+34
            }
        },
        "market_data": {
            "exchange_rates": {
                "CNY_USD": 0.11303140040746004,
                "CNY_EUR": 0.09950253828888209,
                "CNY_JPY": 19.114230390062325,
                "CNY_GBP": 0.07667830874466451
            },
            "commodity_prices": {
                "lithium_carbonate_cny_per_ton": 954127.575133875,
                "nickel_cny_per_ton": 253297.01657847012,
                "cobalt_cny_per_ton": 523925.38140988396,
                "steel_cny_per_ton": 9598.537941358658,
                "aluminum_cny_per_ton": 36155.82882571829
            },
            "interest_rates": {
                "china_base_rate": 0.04653105726352359,
                "us_fed_rate": 0.05739647237074627,
                "ecb_rate": 0.05051046088274488,
                "corporate_bond_yield": 0.0591795019817232
            }
        },
        "forecasting": {
            "revenue_forecast": {
                "next_quarter": 6.865144543152631e+38,
                "next_year": 2.951078191445974e+39,
                "growth_rate_projection": 0.10208712429825573
            },
            "cost_forecast": {
                "next_quarter": 5.894751958062035e+38,
                "next_year": 2.2852908573754965e+39,
                "efficiency_improvement": 0.04064189923410297
            },
            "investment_pipeline": {
                "planned_capex": 45200,
                "rd_budget": 28500,
                "expansion_projects": 15800
            }
        },