{
    "timestamp": "2025-01-01T00:00:00",
    "type": "Financials",
    "data": {
        "revenue_streams": {
            "automotive": {
                "vehicle_sales": 0,
                "after_sales_service": 0.0,
                "financing_income": 0.0,
                "leasing_income": 0.0,
                "total": 0.0
            },
            "battery": {
                "oem_sales": 0.0,
                "replacement_market": 0.0,
                "energy_storage_systems": 0.0,
                "recycling_revenue": 0.0,
                "total": 0
            },
            "electronics": {
                "semiconductor_sales": 59.05569394743281,
                "igbt_modules": 47.24455515794625,
                "power_management": 37.12072190981491,
                "sensors_iot": 25.309583120328345,
                "total": 168.7305541355223
            },
            "energy_storage": {
                "utility_scale": 14.28014137133055,
                "commercial_industrial": 11.106776622145983,
                "residential": 4.760047123776849,
                "grid_services": 1.5866823745922833,
                "total": 31.733647491845666
            },
            "other_business": {
                "rail_transit": 15763.335963402991,
                "electronics_manufacturing": 8815.023400587199,
                "real_estate": 3318.5970449269453,
                "total": 27896.956408917136
            }
        },
        "cost_structure": {
            "cost_of_goods_sold": {
                "raw_materials": 7863.764296202307,
                "direct_labor": 3559.6656172200846,
                "manufacturing_overhead": 3192.139367753558,
                "logistics_distribution": 1954.7252356846745,
                "total": 16570.294516860624
            },
            "operating_expenses": {
                "research_development": 1879.4057563165914,
                "sales_marketing": 2564.9928280003596,
                "general_administrative": 1960.4541492879164,
                "warranty_provisions": 0.0,
                "total": 6404.852733604867
            },
            "financial_costs": {
                "interest_expense": 616.4,
                "foreign_exchange_loss": 151.6825616694546,
                "other_financial_costs": 83.31169400015406,
                "total": 851.3942556696086
            }
        },
        "profitability_metrics": {
            "gross_profit": 11527.12609368388,
            "gross_margin": 0.4102556691398903,
            "operating_profit": 5122.273360079013,
            "operating_margin": 0.18230404246276996,
            "net_profit": 4270.879104409405,
            "net_margin": 0.1520025330299043,
            "ebitda": 5836.273360079013,
            "ebitda_margin": 0.20771562774302332
        },
        "cash_flow": {
            "operating_cash_flow": {
                "net_income": 4270.879104409405,
                "depreciation_amortization": 714.0,
                "working_capital_change": 989.4261370178701,
                "other_operating_items": -515.8880373021145,
                "total": 5458.41720412516
            },
            "investing_cash_flow": {
                "capex": -5489.117037656935,
                "rd_investments": -563.8217268949774,
                "acquisitions": 0,
                "asset_disposals": 1183.6764611181568,
                "total": -4869.262303433756
            },
            "financing_cash_flow": {
                "debt_issuance": 0,
                "debt_repayment": 0,
                "equity_issuance": 0,
                "dividends_paid": -1067.7197761023513,
                "total": -1067.7197761023513
            },
            "net_cash_flow": -478.56487541094657,
            "cash_balance": 154421.43512458904
        },
        "balance_sheet": {
            "assets": {
                "current_assets": {
                    "cash_equivalents": 154421.43512458904,
                    "accounts_receivable": 45200,
                    "inventory": 38500,
                    "other_current": 12800,
                    "total": 250921.43512458904
                },
                "non_current_assets": {
                    "property_plant_equipment": 290375.11703765695,
                    "intangible_assets": 45200,
                    "investments": 28500,
                    "other_non_current": 15800,
                    "total": 379875.11703765695
                },
                "total_assets": 630796.552162246
            },
            "liabilities": {
                "current_liabilities": {
                    "accounts_payable": 52800,
                    "short_term_debt": 28500,
                    "accrued_expenses": 18200,
                    "other_current": 9500,
                    "total": 109000
                },
                "non_current_liabilities": {
                    "long_term_debt": 125600,
                    "deferred_tax": 15800,
                    "other_non_current": 8200,
                    "total": 149600
                },
                "total_liabilities": 258600
            },
            "equity": {
                "share_capital": 29100,
                "retained_earnings": 289670.8791044094,
                "other_equity": 53400,
                "total_equity": 372170.8791044094
            }
        },
        "financial_ratios": {
            "liquidity_ratios": {
                "current_ratio": 2.3020315149044865,
                "quick_ratio": 1.9488205057301746,
                "cash_ratio": 1.4167104139870554
            },
            "efficiency_ratios": {
                "asset_turnover": 0.5345131424241067,
                "inventory_turnover": 5.164767122138376,
                "receivables_turnover": 7.459492197489691,
                "working_capital_turnover": 0
            },
            "profitability_ratios": {
                "return_on_assets": 0.08124735158623823,
                "return_on_equity": 0.13770703762809702,
                "return_on_invested_capital": 0
            },
            "leverage_ratios": {
                "debt_to_equity": 0.41405711368612624,
                "debt_to_assets": 0.40995785267622387,
                "interest_coverage": 8.30998273860969
            }
        },
        "market_data": {
            "exchange_rates": {
                "CNY_USD": 0.13586797223967922,
                "CNY_EUR": 0.1333623973771224,
                "CNY_JPY": 21.61306515667817,
                "CNY_GBP": 0.10824270749730147
            },
            "commodity_prices": {
                "lithium_carbonate_cny_per_ton": 457335.6143876687,
                "nickel_cny_per_ton": 122536.4331220049,
                "cobalt_cny_per_ton": 390115.4424488252,
                "steel_cny_per_ton": 4254.701438395316,
                "aluminum_cny_per_ton": 18218.73405352468
            },
            "interest_rates": {
                "china_base_rate": 0.04116891930002924,
                "us_fed_rate": 0.054101298340011664,
                "ecb_rate": 0.045906354219915076,
                "corporate_bond_yield": 0.04741307147016086
            }
        },
        "forecasting": {
            "revenue_forecast": {
                "next_quarter": 87064.60374761428,
                "next_year": 381526.5179822264,
                "growth_rate_projection": 0.13155854906436282
            },
            "cost_forecast": {
                "next_quarter": 67752.71314794064,
                "next_year": 256938.10935029268,
                "efficiency_improvement": 0.06805780702491127
            },
            "investment_pipeline": {
                "planned_capex": 45200,
                "rd_budget": 28500,
                "expansion_projects": 15800
            }
        },
        "risk_metrics": {
            "financial_risks": {
                "currency_exposure": 0.25,
                "commodity_price_risk": 0.35,
                "interest_rate_risk": 0.15,