{
    "timestamp": "2025-06-01T00:00:00",
    "type": "Financials",
    "data": {
        "revenue_streams": {
            "automotive": {
                "vehicle_sales": 0,
                "after_sales_service": 0.0,
                "financing_income": 0.0,
                "leasing_income": 0.0,
                "total": 0.0
            },
            "battery": {
                "oem_sales": 0.0,
                "replacement_market": 0.0,
                "energy_storage_systems": 0.0,
                "recycling_revenue": 0.0,
                "total": 0
            },
            "electronics": {
                "semiconductor_sales": 89.67254591773978,
                "igbt_modules": 71.73803673419184,
                "power_management": 56.36560029115072,
                "sensors_iot": 38.43109110760276,
                "total": 256.2072740506851
            },
            "energy_storage": {
                "utility_scale": 1363714.9095085328,
                "commercial_industrial": 1060667.15183997,
                "residential": 454571.6365028442,
                "grid_services": 151523.87883428144,
                "total": 3030477.5766856284
            },
            "other_business": {
                "rail_transit": 22120.526334168044,
                "electronics_manufacturing": 12370.031173712394,
                "real_estate": 4656.95291245643,
                "total": 39147.51042033687
            }
        },
        "cost_structure": {
            "cost_of_goods_sold": {
                "raw_materials": 1006963.4878139138,
                "direct_labor": 538297.4546282246,
                "manufacturing_overhead": 330983.30997243786,
                "logistics_distribution": 194811.40891446432,
                "total": 2071055.6613290405
            },
            "operating_expenses": {
                "research_development": 242666.1064461663,
                "sales_marketing": 327172.2514849157,
                "general_administrative": 187771.54069953086,
                "warranty_provisions": 0.0,
                "total": 855848.3050112603
            },
            "financial_costs": {
                "interest_expense": 615.0142526205781,
                "foreign_exchange_loss": 15265.639755210736,
                "other_financial_costs": 12682.11189855237,
                "total": 34334.568769330144
            }
        },
        "profitability_metrics": {
            "gross_profit": 998825.6330509756,
            "gross_margin": 0.3253629496617704,
            "operating_profit": 142977.3280397153,
            "operating_margin": 0.04657422041088744,
            "net_profit": 108642.75927038516,
            "net_margin": 0.03538988933196725,
            "ebitda": 143743.21223031555,
            "ebitda_margin": 0.04682370373521087
        },
        "cash_flow": {
            "operating_cash_flow": {
                "net_income": 108642.75927038516,
                "depreciation_amortization": 765.8841906002594,
                "working_capital_change": 2003.1109422288555,
                "other_operating_items": 877.5567679524352,
                "total": 76285.01225734252
            },
            "investing_cash_flow": {
                "capex": -3003.8814503609738,
                "rd_investments": -72799.83193384988,
                "acquisitions": 0,
                "asset_disposals": 0,
                "total": -109199.2209132422
            },
            "financing_cash_flow": {
                "debt_issuance": 0,
                "debt_repayment": -4438.203676266372,
                "equity_issuance": 0,
                "dividends_paid": -27160.68981759629,
                "total": -37606.750805907184
            },
            "net_cash_flow": -70520.95946180687,
            "cash_balance": -84160.50536450482
        },
        "balance_sheet": {
            "assets": {
                "current_assets": {
                    "cash_equivalents": -84160.50536450482,
                    "accounts_receivable": 45200,
                    "inventory": 38500,
                    "other_current": 12800,
                    "total": 12339.494635495183
                },
                "non_current_assets": {
                    "property_plant_equipment": 308591.6734998645,
                    "intangible_assets": 45200,
                    "investments": 28500,
                    "other_non_current": 15800,
                    "total": 398091.6734998645
                },
                "total_assets": 410431.1681353597
            },
            "liabilities": {
                "current_liabilities": {
                    "accounts_payable": 52800,
                    "short_term_debt": 28500,
                    "accrued_expenses": 18200,
                    "other_current": 9500,
                    "total": 109000
                },
                "non_current_liabilities": {
                    "long_term_debt": 125600,
                    "deferred_tax": 15800,
                    "other_non_current": 8200,
                    "total": 149600
                },
                "total_liabilities": 258600
            },
            "equity": {
                "share_capital": 29100,
                "retained_earnings": 364345.21710042167,
                "other_equity": 53400,
                "total_equity": 446845.21710042167
            }
        },
        "financial_ratios": {
            "liquidity_ratios": {
                "current_ratio": 0.1132063728027081,
                "quick_ratio": -0.24000463637160382,
                "cash_ratio": -0.7721147281147231
            },
            "efficiency_ratios": {
                "asset_turnover": 89.75579437575968,
                "inventory_turnover": 645.5238424921685,
                "receivables_turnover": 815.0127330212432,
                "working_capital_turnover": 0
            },
            "profitability_ratios": {
                "return_on_assets": 3.176447629860944,
                "return_on_equity": 2.9175944182739952,
                "return_on_invested_capital": 0
            },
            "leverage_ratios": {
                "debt_to_equity": 0.3448621448830868,
                "debt_to_assets": 0.630069107994045,
                "interest_coverage": 232.47807254951957
            }
        },
        "market_data": {
            "exchange_rates": {
                "CNY_USD": 0.1300069879358525,
                "CNY_EUR": 0.11840194706041311,
                "CNY_JPY": 21.608883071839532,
                "CNY_GBP": 0.11836820622648388
            },
            "commodity_prices": {
                "lithium_carbonate_cny_per_ton": 473545.1329994183,
                "nickel_cny_per_ton": 138220.93027227692,
                "cobalt_cny_per_ton": 501875.6344810651,
                "steel_cny_per_ton": 4476.701728239207,
                "aluminum_cny_per_ton": 19183.416360185547
            },
            "interest_rates": {
                "china_base_rate": 0.03877322272655185,
                "us_fed_rate": 0.05939185611888984,
                "ecb_rate": 0.04301108010845972,
                "corporate_bond_yield": 0.047533155262915606
            }
        },
        "forecasting": {
            "revenue_forecast": {
                "next_quarter": 9567056.057232639,
                "next_year": 42557170.31804165,
                "growth_rate_projection": 0.15523387380782455
            },
            "cost_forecast": {
                "next_quarter": 8619912.117355106,
                "next_year": 32550051.089430872,
                "efficiency_improvement": 0.07325136436089029
            },
            "investment_pipeline": {
                "planned_capex": 45200,
                "rd_budget": 28500,
                "expansion_projects": 15800
            }
        },
        "risk_metrics": {
            "financial_risks": {
                "currency_exposure": 0.25,
                "commodity_price_risk": 0.35,