{
    "timestamp": "2026-04-01T00:00:00",
    "type": "Financials",
    "data": {
        "revenue_streams": {
            "automotive": {
                "vehicle_sales": 0,
                "after_sales_service": 0.0,
                "financing_income": 0.0,
                "leasing_income": 0.0,
                "total": 0.0
            },
            "battery": {
                "oem_sales": 0.0,
                "replacement_market": 0.0,
                "energy_storage_systems": 0.0,
                "recycling_revenue": 0.0,
                "total": 0
            },
            "electronics": {
                "semiconductor_sales": 1075.7284579050752,
                "igbt_modules": 860.5827663240603,
                "power_management": 676.172173540333,
                "sensors_iot": 461.02648195931795,
                "total": 3073.5098797287865
            },
            "energy_storage": {
                "utility_scale": 6.8819516032502915e+19,
                "commercial_industrial": 5.352629024750226e+19,
                "residential": 2.293983867750097e+19,
                "grid_services": 7.646612892500324e+18,
                "total": 1.5293225785000647e+20
            },
            "other_business": {
                "rail_transit": 37448.388242206354,
                "electronics_manufacturing": 20941.532898602236,
                "real_estate": 7883.871208885546,
                "total": 66273.79234969414
            }
        },
        "cost_structure": {
            "cost_of_goods_sold": {
                "raw_materials": 5.29013370720879e+19,
                "direct_labor": 2.3854240405656682e+19,
                "manufacturing_overhead": 1.5951229835184988e+19,
                "logistics_distribution": 8.49263217265442e+18,
                "total": 1.0119943948558398e+20
            },
            "operating_expenses": {
                "research_development": 1.238225641597791e+19,
                "sales_marketing": 1.7704539052729526e+19,
                "general_administrative": 9.59747468090174e+18,
                "warranty_provisions": 0.0,
                "total": 4.078942307363205e+19
            },
            "financial_costs": {
                "interest_expense": 652.0695700936609,
                "foreign_exchange_loss": 7.012185314962015e+17,
                "other_financial_costs": 5.738466320491829e+17,
                "total": 1.3240430738293706e+18
            }
        },
        "profitability_metrics": {
            "gross_profit": 5.173281836442255e+19,
            "gross_margin": 0.3382727692097586,
            "operating_profit": 1.0943395290790502e+19,
            "operating_margin": 0.07155714199631844,
            "net_profit": 9.619352216961133e+18,
            "net_margin": 0.06289943241664317,
            "ebitda": 1.0943395290790502e+19,
            "ebitda_margin": 0.07155714199631844
        },
        "cash_flow": {
            "operating_cash_flow": {
                "net_income": 9.619352216961133e+18,
                "depreciation_amortization": 865.033380503126,
                "working_capital_change": 6339.937583851275,
                "other_operating_items": 788.4843117539949,
                "total": 1.017487393269802e+19
            },
            "investing_cash_flow": {
                "capex": -3644.5556736803305,
                "rd_investments": -3.714676924793373e+18,
                "acquisitions": 0,
                "asset_disposals": 0,
                "total": -3.805459509309901e+18
            },
            "financing_cash_flow": {
                "debt_issuance": 0,
                "debt_repayment": 0,
                "equity_issuance": 0,
                "dividends_paid": -2.404838054240283e+18,
                "total": -2.5437184831745213e+18
            },
            "net_cash_flow": 3.8256959402135977e+18,
            "cash_balance": 4.1600537088929997e+18
        },
        "balance_sheet": {
            "assets": {
                "current_assets": {
                    "cash_equivalents": 4.1600537088929997e+18,
                    "accounts_receivable": 45200,
                    "inventory": 38500,
                    "other_current": 12800,
                    "total": 4.160053708893096e+18
                },
                "non_current_assets": {
                    "property_plant_equipment": 348792.8744944276,
                    "intangible_assets": 45200,
                    "investments": 28500,
                    "other_non_current": 15800,
                    "total": 438292.8744944276
                },
                "total_assets": 4.160053708893534e+18
            },
            "liabilities": {
                "current_liabilities": {
                    "accounts_payable": 52800,
                    "short_term_debt": 28500,
                    "accrued_expenses": 18200,
                    "other_current": 9500,
                    "total": 109000
                },
                "non_current_liabilities": {
                    "long_term_debt": 125600,
                    "deferred_tax": 15800,
                    "other_non_current": 8200,
                    "total": 149600
                },
                "total_liabilities": 258600
            },
            "equity": {
                "share_capital": 29100,
                "retained_earnings": 1.017487393269828e+19,
                "other_equity": 53400,
                "total_equity": 1.0174873932698362e+19
            }
        },
        "financial_ratios": {
            "liquidity_ratios": {
                "current_ratio": 38165630356817.39,
                "quick_ratio": 38165630356817.04,
                "cash_ratio": 38165630356816.51
            },
            "efficiency_ratios": {
                "asset_turnover": 441.1450482662615,
                "inventory_turnover": 3.1542682437065136e+16,
                "receivables_turnover": 4.060148438495749e+16,
                "working_capital_turnover": 0
            },
            "profitability_ratios": {
                "return_on_assets": 27.74777314936051,
                "return_on_equity": 11.344831136686246,
                "return_on_invested_capital": 0
            },
            "leverage_ratios": {
                "debt_to_equity": 1.5145150791969853e-14,
                "debt_to_assets": 6.216265896931913e-14,
                "interest_coverage": 1.678255786298789e+16
            }
        },
        "market_data": {
            "exchange_rates": {
                "CNY_USD": 0.1261130864334945,
                "CNY_EUR": 0.1027217725528193,
                "CNY_JPY": 20.255897371205684,
                "CNY_GBP": 0.09990430563685536
            },
            "commodity_prices": {
                "lithium_carbonate_cny_per_ton": 1000440.4636907639,
                "nickel_cny_per_ton": 155949.27896282857,
                "cobalt_cny_per_ton": 560682.1147912508,
                "steel_cny_per_ton": 5793.457327198714,
                "aluminum_cny_per_ton": 21207.982490651604
            },
            "interest_rates": {
                "china_base_rate": 0.040879868172273966,
                "us_fed_rate": 0.06025571441566249,
                "ecb_rate": 0.04603690487241998,
                "corporate_bond_yield": 0.0532520480965938
            }
        },
        "forecasting": {
            "revenue_forecast": {
                "next_quarter": 4.872656783814139e+20,
                "next_year": 2.2906895715023868e+21,
                "growth_rate_projection": 0.2482049262126339
            },
            "cost_forecast": {
                "next_quarter": 4.234507753386065e+20,
                "next_year": 1.6636133532859273e+21,
                "efficiency_improvement": 0.02362450400401282
            },
            "investment_pipeline": {
                "planned_capex": 45200,
                "rd_budget": 28500,
                "expansion_projects": 15800
            }
        },