{
    "timestamp": "2027-06-01T00:00:00",
    "type": "Financials",
    "data": {
        "revenue_streams": {
            "automotive": {
                "vehicle_sales": 0,
                "after_sales_service": 0.0,
                "financing_income": 0.0,
                "leasing_income": 0.0,
                "total": 0.0
            },
            "battery": {
                "oem_sales": 0.0,
                "replacement_market": 0.0,
                "energy_storage_systems": 0.0,
                "recycling_revenue": 0.0,
                "total": 0
            },
            "electronics": {
                "semiconductor_sales": 54094969695.56476,
                "igbt_modules": 43275975756.45181,
                "power_management": 34002552380.06928,
                "sensors_iot": 23183558440.956326,
                "total": 154557056273.04218
            },
            "energy_storage": {
                "utility_scale": 3.1971189814211677e+46,
                "commercial_industrial": 2.486648096660908e+46,
                "residential": 1.0657063271403891e+46,
                "grid_services": 3.552354423801298e+45,
                "total": 7.104708847602595e+46
            },
            "other_business": {
                "rail_transit": 62669.88472639019,
                "electronics_manufacturing": 35045.6592219945,
                "real_estate": 13193.659942397928,
                "total": 110909.20389078262
            }
        },
        "cost_structure": {
            "cost_of_goods_sold": {
                "raw_materials": 2.364625989167175e+46,
                "direct_labor": 1.1550230281966227e+46,
                "manufacturing_overhead": 7.297701815939664e+45,
                "logistics_distribution": 4.265911490483846e+45,
                "total": 4.676010348006149e+46
            },
            "operating_expenses": {
                "research_development": 5.399191592121269e+45,
                "sales_marketing": 7.871679159452442e+45,
                "general_administrative": 5.256961808728029e+45,
                "warranty_provisions": 0.0,
                "total": 1.8645292049868242e+46
            },
            "financial_costs": {
                "interest_expense": 750.4186993875563,
                "foreign_exchange_loss": 4.347373314625302e+44,
                "other_financial_costs": 3.535558584573641e+44,
                "total": 7.904252620812714e+44
            }
        },
        "profitability_metrics": {
            "gross_profit": 2.428698499596446e+46,
            "gross_margin": 0.3418434944615617,
            "operating_profit": 5.6416929460962186e+45,
            "operating_margin": 0.0794077993498628,
            "net_profit": 4.8512676840149476e+45,
            "net_margin": 0.0682824277261123,
            "ebitda": 5.6416929460962186e+45,
            "ebitda_margin": 0.0794077993498628
        },
        "cash_flow": {
            "operating_cash_flow": {
                "net_income": 4.8512676840149476e+45,
                "depreciation_amortization": 1014.3621162202979,
                "working_capital_change": -946.2426413043709,
                "other_operating_items": -387.782096521169,
                "total": 4.886703760551615e+45
            },
            "investing_cash_flow": {
                "capex": -4198.4675395655295,
                "rd_investments": -1.6197574776363806e+45,
                "acquisitions": 0,
                "asset_disposals": 0,
                "total": -1.6306877735618623e+45
            },
            "financing_cash_flow": {
                "debt_issuance": 0,
                "debt_repayment": -3766.4125026148786,
                "equity_issuance": 0,
                "dividends_paid": -1.2128169210037369e+45,
                "total": -1.2216759401379037e+45
            },
            "net_cash_flow": 2.0343400468518488e+45,
            "cash_balance": 2.0504201848946003e+45
        },
        "balance_sheet": {
            "assets": {
                "current_assets": {
                    "cash_equivalents": 2.0504201848946003e+45,
                    "accounts_receivable": 45200,
                    "inventory": 38500,
                    "other_current": 12800,
                    "total": 2.0504201848946003e+45
                },
                "non_current_assets": {
                    "property_plant_equipment": 408928.9519114644,
                    "intangible_assets": 45200,
                    "investments": 28500,
                    "other_non_current": 15800,
                    "total": 498428.9519114644
                },
                "total_assets": 2.0504201848946003e+45
            },
            "liabilities": {
                "current_liabilities": {
                    "accounts_payable": 52800,
                    "short_term_debt": 28500,
                    "accrued_expenses": 18200,
                    "other_current": 9500,
                    "total": 109000
                },
                "non_current_liabilities": {
                    "long_term_debt": 125600,
                    "deferred_tax": 15800,
                    "other_non_current": 8200,
                    "total": 149600
                },
                "total_liabilities": 258600
            },
            "equity": {
                "share_capital": 29100,
                "retained_earnings": 4.886703760551615e+45,
                "other_equity": 53400,
                "total_equity": 4.886703760551615e+45
            }
        },
        "financial_ratios": {
            "liquidity_ratios": {
                "current_ratio": 1.8811194356831196e+40,
                "quick_ratio": 1.8811194356831196e+40,
                "cash_ratio": 1.8811194356831196e+40
            },
            "efficiency_ratios": {
                "asset_turnover": 415.8001701276349,
                "inventory_turnover": 1.4574577708071112e+43,
                "receivables_turnover": 1.8862058887440517e+43,
                "working_capital_turnover": 0
            },
            "profitability_ratios": {
                "return_on_assets": 28.39184506524543,
                "return_on_equity": 11.912981645854464,
                "return_on_invested_capital": 0
            },
            "leverage_ratios": {
                "debt_to_equity": 3.1534549166656475e-41,
                "debt_to_assets": 1.2612049076823395e-40,
                "interest_coverage": 7.518060185201418e+42
            }
        },
        "market_data": {
            "exchange_rates": {
                "CNY_USD": 0.10860548056202576,
                "CNY_EUR": 0.10045859090091877,
                "CNY_JPY": 19.423374992977276,
                "CNY_GBP": 0.08095729833285797
            },
            "commodity_prices": {
                "lithium_carbonate_cny_per_ton": 1152742.9201079074,
                "nickel_cny_per_ton": 229529.5746723983,
                "cobalt_cny_per_ton": 639871.5037030956,
                "steel_cny_per_ton": 9168.572785318767,
                "aluminum_cny_per_ton": 37577.55542073657
            },
            "interest_rates": {
                "china_base_rate": 0.050047255691161,
                "us_fed_rate": 0.058855684967369086,
                "ecb_rate": 0.05551825301466942,
                "corporate_bond_yield": 0.06126116311568867
            }
        },
        "forecasting": {
            "revenue_forecast": {
                "next_quarter": 2.2602856865958104e+47,
                "next_year": 1.0587619134163623e+48,
                "growth_rate_projection": 0.24185468178806252
            },
            "cost_forecast": {
                "next_quarter": 1.943189938614734e+47,
                "next_year": 7.545096627061039e+47,
                "efficiency_improvement": 0.0386755600807204
            },
            "investment_pipeline": {
                "planned_capex": 45200,
                "rd_budget": 28500,