{
    "timestamp": "2027-11-01T00:00:00",
    "type": "Financials",
    "data": {
        "revenue_streams": {
            "automotive": {
                "vehicle_sales": 0,
                "after_sales_service": 0.0,
                "financing_income": 0.0,
                "leasing_income": 0.0,
                "total": 0.0
            },
            "battery": {
                "oem_sales": 0.0,
                "replacement_market": 0.0,
                "energy_storage_systems": 0.0,
                "recycling_revenue": 0.0,
                "total": 0
            },
            "electronics": {
                "semiconductor_sales": 8357110221949683.0,
                "igbt_modules": 6685688177559748.0,
                "power_management": 5253040710939801.0,
                "sensors_iot": 3581618666549864.5,
                "total": 2.3877457776999096e+16
            },
            "energy_storage": {
                "utility_scale": 1.5097551972648914e+58,
                "commercial_industrial": 1.1742540423171377e+58,
                "residential": 5.032517324216304e+57,
                "grid_services": 1.6775057747387684e+57,
                "total": 3.3550115494775365e+58
            },
            "other_business": {
                "rail_transit": 65507.170763105554,
                "electronics_manufacturing": 36632.29943989454,
                "real_estate": 13790.98331854853,
                "total": 115930.45352154862
            }
        },
        "cost_structure": {
            "cost_of_goods_sold": {
                "raw_materials": 1.1547981424546861e+58,
                "direct_labor": 5.1386695741835514e+57,
                "manufacturing_overhead": 3.389899962183257e+57,
                "logistics_distribution": 1.5102907768111036e+57,
                "total": 2.1586841737724773e+58
            },
            "operating_expenses": {
                "research_development": 2.756663054136396e+57,
                "sales_marketing": 3.761976146943081e+57,
                "general_administrative": 2.1320918089233314e+57,
                "warranty_provisions": 0.0,
                "total": 8.680036454193465e+57
            },
            "financial_costs": {
                "interest_expense": 788.5102580775751,
                "foreign_exchange_loss": 1.850825841104632e+56,
                "other_financial_costs": 1.6452496924619595e+56,
                "total": 3.503298116052674e+56
            }
        },
        "profitability_metrics": {
            "gross_profit": 1.1963273757050592e+58,
            "gross_margin": 0.35657921234022544,
            "operating_profit": 3.283237302857127e+57,
            "operating_margin": 0.0978606855576522,
            "net_profit": 2.9329074912518597e+57,
            "net_margin": 0.0874187002935531,
            "ebitda": 3.283237302857127e+57,
            "ebitda_margin": 0.0978606855576522
        },
        "cash_flow": {
            "operating_cash_flow": {
                "net_income": 2.9329074912518597e+57,
                "depreciation_amortization": 1071.915537286486,
                "working_capital_change": 7370.541591219,
                "other_operating_items": 210.31438370139495,
                "total": 2.9491192886464308e+57
            },
            "investing_cash_flow": {
                "capex": -6347.115136012149,
                "rd_investments": -8.269989162409188e+56,
                "acquisitions": 0,
                "asset_disposals": 0,
                "total": -8.305656741283967e+56
            },
            "financing_cash_flow": {
                "debt_issuance": 0,
                "debt_repayment": 0,
                "equity_issuance": 0,
                "dividends_paid": -7.332268728129649e+56,
                "total": -7.372798221616077e+56
            },
            "net_cash_flow": 1.3812737923564264e+57,
            "cash_balance": 1.3899168544800898e+57
        },
        "balance_sheet": {
            "assets": {
                "current_assets": {
                    "cash_equivalents": 1.3899168544800898e+57,
                    "accounts_receivable": 45200,
                    "inventory": 38500,
                    "other_current": 12800,
                    "total": 1.3899168544800898e+57
                },
                "non_current_assets": {
                    "property_plant_equipment": 434041.4145133201,
                    "intangible_assets": 45200,
                    "investments": 28500,
                    "other_non_current": 15800,
                    "total": 523541.4145133201
                },
                "total_assets": 1.3899168544800898e+57
            },
            "liabilities": {
                "current_liabilities": {
                    "accounts_payable": 52800,
                    "short_term_debt": 28500,
                    "accrued_expenses": 18200,
                    "other_current": 9500,
                    "total": 109000
                },
                "non_current_liabilities": {
                    "long_term_debt": 125600,
                    "deferred_tax": 15800,
                    "other_non_current": 8200,
                    "total": 149600
                },
                "total_liabilities": 258600
            },
            "equity": {
                "share_capital": 29100,
                "retained_earnings": 2.9491192886464308e+57,
                "other_equity": 53400,
                "total_equity": 2.9491192886464308e+57
            }
        },
        "financial_ratios": {
            "liquidity_ratios": {
                "current_ratio": 1.2751530775046697e+52,
                "quick_ratio": 1.2751530775046697e+52,
                "cash_ratio": 1.2751530775046697e+52
            },
            "efficiency_ratios": {
                "asset_turnover": 289.65861133319436,
                "inventory_turnover": 6.728366255914215e+54,
                "receivables_turnover": 8.907110308347441e+54,
                "working_capital_turnover": 0
            },
            "profitability_ratios": {
                "return_on_assets": 25.3215793315833,
                "return_on_equity": 11.934034011617028,
                "return_on_invested_capital": 0
            },
            "leverage_ratios": {
                "debt_to_equity": 5.225288803788195e-53,
                "debt_to_assets": 1.8605429466263398e-52,
                "interest_coverage": 4.163848560273411e+54
            }
        },
        "market_data": {
            "exchange_rates": {
                "CNY_USD": 0.11051074692770466,
                "CNY_EUR": 0.09118323098613611,
                "CNY_JPY": 20.478490554460016,
                "CNY_GBP": 0.07601790376073553
            },
            "commodity_prices": {
                "lithium_carbonate_cny_per_ton": 1158711.5068564,
                "nickel_cny_per_ton": 305059.13913062174,
                "cobalt_cny_per_ton": 699466.929003818,
                "steel_cny_per_ton": 11259.917335580998,
                "aluminum_cny_per_ton": 46991.37959620016
            },
            "interest_rates": {
                "china_base_rate": 0.05089638960769909,
                "us_fed_rate": 0.05960385760692077,
                "ecb_rate": 0.06049930376634857,
                "corporate_bond_yield": 0.06416971710896055
            }
        },
        "forecasting": {
            "revenue_forecast": {
                "next_quarter": 1.040162905739575e+59,
                "next_year": 4.564564913714069e+59,
                "growth_rate_projection": 0.13376780934005345
            },
            "cost_forecast": {
                "next_quarter": 8.992320834905168e+58,
                "next_year": 3.491637186757704e+59,
                "efficiency_improvement": 0.03865286760616175
            },
            "investment_pipeline": {
                "planned_capex": 45200,
                "rd_budget": 28500,
                "expansion_projects": 15800
            }
        },