{
    "timestamp": "2027-05-01T00:00:00",
    "type": "Financials",
    "data": {
        "revenue_streams": {
            "automotive": {
                "vehicle_sales": 0,
                "after_sales_service": 0.0,
                "financing_income": 0.0,
                "leasing_income": 0.0,
                "total": 0.0
            },
            "battery": {
                "oem_sales": 0.0,
                "replacement_market": 0.0,
                "energy_storage_systems": 0.0,
                "recycling_revenue": 0.0,
                "total": 0
            },
            "electronics": {
                "semiconductor_sales": 6865712733.875428,
                "igbt_modules": 5492570187.100343,
                "power_management": 4315590861.293126,
                "sensors_iot": 2942448314.5180407,
                "total": 19616322096.786938
            },
            "energy_storage": {
                "utility_scale": 2.0807838510930335e+44,
                "commercial_industrial": 1.6183874397390258e+44,
                "residential": 6.935946170310111e+43,
                "grid_services": 2.311982056770037e+43,
                "total": 4.623964113540074e+44
            },
            "other_business": {
                "rail_transit": 58956.17340118092,
                "electronics_manufacturing": 32968.91275723932,
                "real_estate": 12411.825979195975,
                "total": 104336.91213761621
            }
        },
        "cost_structure": {
            "cost_of_goods_sold": {
                "raw_materials": 1.3411700189157014e+44,
                "direct_labor": 7.78281253618093e+43,
                "manufacturing_overhead": 6.669535646534768e+43,
                "logistics_distribution": 2.9414197955040146e+43,
                "total": 3.0805468167376727e+44
            },
            "operating_expenses": {
                "research_development": 3.6158928361534185e+43,
                "sales_marketing": 4.670859992313561e+43,
                "general_administrative": 3.3829482082705e+43,
                "warranty_provisions": 0.0,
                "total": 1.1745948956650205e+44
            },
            "financial_costs": {
                "interest_expense": 774.5979542627991,
                "foreign_exchange_loss": 1.0911527636959812e+42,
                "other_financial_costs": 1.0174898961213997e+42,
                "total": 2.132072161377117e+42
            }
        },
        "profitability_metrics": {
            "gross_profit": 1.5434172968024013e+44,
            "gross_margin": 0.3337866079632638,
            "operating_profit": 3.6882240113738087e+43,
            "operating_margin": 0.07976324903936442,
            "net_profit": 3.475016795236097e+43,
            "net_margin": 0.07515233055248884,
            "ebitda": 3.6882240113738087e+43,
            "ebitda_margin": 0.07976324903936442
        },
        "cash_flow": {
            "operating_cash_flow": {
                "net_income": 3.475016795236097e+43,
                "depreciation_amortization": 1008.1090169336811,
                "working_capital_change": -156.27140243282156,
                "other_operating_items": 931.8612186596447,
                "total": 3.5436076536667397e+43
            },
            "investing_cash_flow": {
                "capex": -3509.348731580366,
                "rd_investments": -1.0847678508460255e+43,
                "acquisitions": 0,
                "asset_disposals": 0,
                "total": -1.0930295925481708e+43
            },
            "financing_cash_flow": {
                "debt_issuance": 0,
                "debt_repayment": 0,
                "equity_issuance": 0,
                "dividends_paid": -8.687541988090242e+42,
                "total": -8.859019134166849e+42
            },
            "net_cash_flow": 1.5646761477018838e+43,
            "cash_balance": 1.6080138042751354e+43
        },
        "balance_sheet": {
            "assets": {
                "current_assets": {
                    "cash_equivalents": 1.6080138042751354e+43,
                    "accounts_receivable": 45200,
                    "inventory": 38500,
                    "other_current": 12800,
                    "total": 1.6080138042751354e+43
                },
                "non_current_assets": {
                    "property_plant_equipment": 405744.84648811916,
                    "intangible_assets": 45200,
                    "investments": 28500,
                    "other_non_current": 15800,
                    "total": 495244.84648811916
                },
                "total_assets": 1.6080138042751354e+43
            },
            "liabilities": {
                "current_liabilities": {
                    "accounts_payable": 52800,
                    "short_term_debt": 28500,
                    "accrued_expenses": 18200,
                    "other_current": 9500,
                    "total": 109000
                },
                "non_current_liabilities": {
                    "long_term_debt": 125600,
                    "deferred_tax": 15800,
                    "other_non_current": 8200,
                    "total": 149600
                },
                "total_liabilities": 258600
            },
            "equity": {
                "share_capital": 29100,
                "retained_earnings": 3.5436076536667397e+43,
                "other_equity": 53400,
                "total_equity": 3.5436076536667397e+43
            }
        },
        "financial_ratios": {
            "liquidity_ratios": {
                "current_ratio": 1.4752420222707664e+38,
                "quick_ratio": 1.4752420222707664e+38,
                "cash_ratio": 1.4752420222707664e+38
            },
            "efficiency_ratios": {
                "asset_turnover": 345.0689864412807,
                "inventory_turnover": 9.60170436385768e+40,
                "receivables_turnover": 1.2276010920902852e+41,
                "working_capital_turnover": 0
            },
            "profitability_ratios": {
                "return_on_assets": 25.932738532447416,
                "return_on_equity": 11.767725329209055,
                "return_on_invested_capital": 0
            },
            "leverage_ratios": {
                "debt_to_equity": 4.3486755606407326e-39,
                "debt_to_assets": 1.6081951492734378e-38,
                "interest_coverage": 4.761468825313343e+40
            }
        },
        "market_data": {
            "exchange_rates": {
                "CNY_USD": 0.11372983749601986,
                "CNY_EUR": 0.09591366153217269,
                "CNY_JPY": 19.12842658114382,
                "CNY_GBP": 0.08129336438036465
            },
            "commodity_prices": {
                "lithium_carbonate_cny_per_ton": 1249431.6168147197,
                "nickel_cny_per_ton": 231910.6900154303,
                "cobalt_cny_per_ton": 634797.8144742728,
                "steel_cny_per_ton": 9550.437591953756,
                "aluminum_cny_per_ton": 34241.61807000011
            },
            "interest_rates": {
                "china_base_rate": 0.04753852851891646,
                "us_fed_rate": 0.05956047905557675,
                "ecb_rate": 0.05305533271200464,
                "corporate_bond_yield": 0.05843623875827823
            }
        },
        "forecasting": {
            "revenue_forecast": {
                "next_quarter": 1.467899262400046e+45,
                "next_year": 6.840117389656468e+45,
                "growth_rate_projection": 0.23272968490877172
            },
            "cost_forecast": {
                "next_quarter": 1.25115368591814e+45,
                "next_year": 4.699948810040545e+45,
                "efficiency_improvement": 0.07955497769883361
            },
            "investment_pipeline": {
                "planned_capex": 45200,
                "rd_budget": 28500,
                "expansion_projects": 15800
            }
        },