{
    "timestamp": "2026-01-01T00:00:00",
    "type": "Financials",
    "data": {
        "revenue_streams": {
            "automotive": {
                "vehicle_sales": 16787265729,
                "after_sales_service": 2518089859.35,
                "financing_income": 1342981258.32,
                "leasing_income": 839363286.45,
                "total": 21487700133.12
            },
            "battery": {
                "oem_sales": 0.0,
                "replacement_market": 0.0,
                "energy_storage_systems": 0.0,
                "recycling_revenue": 0.0,
                "total": 0
            },
            "electronics": {
                "semiconductor_sales": 331.83964025745166,
                "igbt_modules": 265.47171220596135,
                "power_management": 208.58491673325534,
                "sensors_iot": 142.216988681765,
                "total": 948.1132578784334
            },
            "energy_storage": {
                "utility_scale": 1739619585085796.8,
                "commercial_industrial": 1353037455066730.8,
                "residential": 579873195028598.9,
                "grid_services": 193291065009533.0,
                "total": 3865821300190659.5
            },
            "other_business": {
                "rail_transit": 36478.88620689205,
                "electronics_manufacturing": 20399.3771551699,
                "real_estate": 7679.76551724043,
                "total": 64558.02887930238
            }
        },
        "cost_structure": {
            "cost_of_goods_sold": {
                "raw_materials": 1345694268123212.8,
                "direct_labor": 599378240730048.5,
                "manufacturing_overhead": 473889063398956.0,
                "logistics_distribution": 172772123440127.25,
                "total": 2591733695692344.5
            },
            "operating_expenses": {
                "research_development": 356818118954509.3,
                "sales_marketing": 376616119263764.06,
                "general_administrative": 260996866511150.1,
                "warranty_provisions": 623837342.016846,
                "total": 1029076736908558.5
            },
            "financial_costs": {
                "interest_expense": 641.8068115717609,
                "foreign_exchange_loss": 7672989808950.962,
                "other_financial_costs": 8014718058806.754,
                "total": 16952542821723.922
            }
        },
        "profitability_metrics": {
            "gross_profit": 1274109092263954.5,
            "gross_margin": 0.32958119668842506,
            "operating_profit": 245032355355396.0,
            "operating_margin": 0.06338394207823796,
            "net_profit": 228079812533672.06,
            "net_margin": 0.058998729395886226,
            "ebitda": 245032355356236.4,
            "ebitda_margin": 0.06338394207845535
        },
        "cash_flow": {
            "operating_cash_flow": {
                "net_income": 228079812533672.06,
                "depreciation_amortization": 840.4186510273454,
                "working_capital_change": -1832.7400002873592,
                "other_operating_items": 32.79289710620537,
                "total": 248174463744240.88
            },
            "investing_cash_flow": {
                "capex": -3120.1540837976654,
                "rd_investments": -107045435686352.8,
                "acquisitions": 0,
                "asset_disposals": 0,
                "total": -111063162020654.39
            },
            "financing_cash_flow": {
                "debt_issuance": 0,
                "debt_repayment": 0,
                "equity_issuance": 0,
                "dividends_paid": -57019953133418.016,
                "total": -62043615949663.27
            },
            "net_cash_flow": 75067685773923.22,
            "cash_balance": 86554493914539.97
        },
        "balance_sheet": {
            "assets": {
                "current_assets": {
                    "cash_equivalents": 86554493914539.97,
                    "accounts_receivable": 45200,
                    "inventory": 38500,
                    "other_current": 12800,
                    "total": 86554494011039.97
                },
                "non_current_assets": {
                    "property_plant_equipment": 338447.1958437085,
                    "intangible_assets": 45200,
                    "investments": 28500,
                    "other_non_current": 15800,
                    "total": 427947.1958437085
                },
                "total_assets": 86554494438987.17
            },
            "liabilities": {
                "current_liabilities": {
                    "accounts_payable": 52800,
                    "short_term_debt": 28500,
                    "accrued_expenses": 18200,
                    "other_current": 9500,
                    "total": 109000
                },
                "non_current_liabilities": {
                    "long_term_debt": 125600,
                    "deferred_tax": 15800,
                    "other_non_current": 8200,
                    "total": 149600
                },
                "total_liabilities": 258600
            },
            "equity": {
                "share_capital": 29100,
                "retained_earnings": 248174464017763.25,
                "other_equity": 53400,
                "total_equity": 248174464100263.25
            }
        },
        "financial_ratios": {
            "liquidity_ratios": {
                "current_ratio": 794077926.7067887,
                "quick_ratio": 794077926.3535777,
                "cash_ratio": 794077925.8214676
            },
            "efficiency_ratios": {
                "asset_turnover": 535.9642356663094,
                "inventory_turnover": 807813099956.0554,
                "receivables_turnover": 1026329943705.212,
                "working_capital_turnover": 0
            },
            "profitability_ratios": {
                "return_on_assets": 31.621208905949587,
                "return_on_equity": 11.028361682281403,
                "return_on_invested_capital": 0
            },
            "leverage_ratios": {
                "debt_to_equity": 6.209341503312086e-10,
                "debt_to_assets": 2.9877131358243775e-09,
                "interest_coverage": 381785220937.93445
            }
        },
        "market_data": {
            "exchange_rates": {
                "CNY_USD": 0.12439009837027662,
                "CNY_EUR": 0.10104651790196718,
                "CNY_JPY": 19.472122452101694,
                "CNY_GBP": 0.1108292032433976
            },
            "commodity_prices": {
                "lithium_carbonate_cny_per_ton": 826326.7955878328,
                "nickel_cny_per_ton": 140924.6929452021,
                "cobalt_cny_per_ton": 550706.0811175315,
                "steel_cny_per_ton": 5462.482752696487,
                "aluminum_cny_per_ton": 17921.32222906023
            },
            "interest_rates": {
                "china_base_rate": 0.03795129511148777,
                "us_fed_rate": 0.059003775832567884,
                "ecb_rate": 0.04543972660549155,
                "corporate_bond_yield": 0.05022466138820692
            }
        },
        "forecasting": {
            "revenue_forecast": {
                "next_quarter": 1.2178265244879092e+16,
                "next_year": 5.568190355163874e+16,
                "growth_rate_projection": 0.20029677455049216
            },
            "cost_forecast": {
                "next_quarter": 1.069033675637369e+16,
                "next_year": 4.069621252834654e+16,
                "efficiency_improvement": 0.06337238384700482
            },
            "investment_pipeline": {
                "planned_capex": 45200,
                "rd_budget": 28500,
                "expansion_projects": 15800
            }
        },
        "risk_metrics": {
            "financial_risks": {
                "currency_exposure": 0.25,