{
    "timestamp": "2026-01-01T00:00:00",
    "type": "Geopolitical",
    "data": {
        "regional_markets": {
            "China": {
                "market_access": 0.9097198285173922,
                "regulatory_compliance": 1.0,
                "local_content_requirement": 0.4,
                "government_support": 0.417780607773273,
                "political_stability": 0.8158493568226832,
                "trade_barriers": 0.29852389082788855,
                "ev_incentives": 0.9214571808590205,
                "manufacturing_restrictions": 0.2
            },
            "United_States": {
                "market_access": 0.518646262043715,
                "regulatory_compliance": 0.9189227867126267,
                "local_content_requirement": 0.5,
                "government_support": 0.4239281542001354,
                "political_stability": 0.7154681633944339,
                "trade_barriers": 0.7150391566218784,
                "ev_incentives": 0.7867900754373505,
                "manufacturing_restrictions": 0.35
            },
            "Europe": {
                "market_access": 0.8099073610527925,
                "regulatory_compliance": 1.0,
                "local_content_requirement": 0.3,
                "government_support": 0.5527557731790717,
                "political_stability": 0.8835157516988269,
                "trade_barriers": 0.49739427430555727,
                "ev_incentives": 1.0,
                "manufacturing_restrictions": 0.15
            },
            "Southeast_Asia": {
                "market_access": 0.828572190891089,
                "regulatory_compliance": 0.898975444890898,
                "local_content_requirement": 0.25,
                "government_support": 0.37893599687456,
                "political_stability": 0.5769056621478202,
                "trade_barriers": 0.5993019085071674,
                "ev_incentives": 1.0,
                "manufacturing_restrictions": 0.1
            },
            "Latin_America": {
                "market_access": 0.7979232925531945,
                "regulatory_compliance": 0.9557373129336354,
                "local_content_requirement": 0.35,
                "government_support": 0.4374923322193044,
                "political_stability": 0.5931294545221928,
                "trade_barriers": 0.5697495580791643,
                "ev_incentives": 0.6881945208419288,
                "manufacturing_restrictions": 0.25
            },
            "Middle_East_Africa": {
                "market_access": 0.5012106626984393,
                "regulatory_compliance": 0.6707230116152784,
                "local_content_requirement": 0.2,
                "government_support": 0.394356792573189,
                "political_stability": 0.4864236229463074,
                "trade_barriers": 0.5667367804238163,
                "ev_incentives": 0.6326627467890374,
                "manufacturing_restrictions": 0.15
            }
        },
        "trade_policies": {
            "tariffs": {
                "US_Import": 0.31703268886639846,
                "EU_Import": 0.1,
                "ASEAN_Import": 0.05,
                "RCEP_Benefit": -0.08,
                "Belt_Road_Benefit": -0.12
            },
            "trade_agreements": {
                "RCEP": {
                    "status": "active",
                    "benefit_level": 0.28926475861844064,
                    "coverage": [
                        "Southeast_Asia",
                        "China"
                    ],
                    "expiry_risk": 0.1596448140192299
                },
                "Belt_Road_Initiative": {
                    "status": "expanding",
                    "benefit_level": 0.3144573725201293,
                    "coverage": [
                        "Middle_East_Africa",
                        "Latin_America",
                        "Southeast_Asia"
                    ],
                    "expiry_risk": 0.1
                },
                "CPTPP_Application": {
                    "status": "pending",
                    "benefit_level": 0.29830624341932105,
                    "coverage": [
                        "Latin_America",
                        "Southeast_Asia"
                    ],
                    "approval_probability": 0.35
                }
            },
            "export_controls": {
                "battery_technology": 0.15,
                "semiconductor_chips": 0.25,
                "rare_earth_materials": 0.254709640702719,
                "manufacturing_equipment": 0.1728464163931338
            }
        },
        "regulatory_environment": {
            "emissions_standards": {
                "China_NEV": {
                    "compliance_cost": 0.17193077050199843,
                    "timeline_pressure": 0.8788814961245871
                },
                "EU_Green_Deal": {
                    "compliance_cost": 0.22752854125276784,
                    "timeline_pressure": 1.0
                },
                "US_CAFE": {
                    "compliance_cost": 0.2431486902846274,
                    "timeline_pressure": 0.7945998090531636
                },
                "Global_Paris_Accord": {
                    "compliance_cost": 0.25,
                    "timeline_pressure": 0.9705715389323736
                }
            },
            "safety_standards": {
                "UN_ECE": {
                    "compliance_level": 0.9635693897240065,
                    "certification_cost": 0.1381434018369782
                },
                "NHTSA": {
                    "compliance_level": 0.9728241750339319,
                    "certification_cost": 0.12884514947521863
                },
                "Euro_NCAP": {
                    "compliance_level": 0.9363695510285428,
                    "certification_cost": 0.13632891516182866
                },
                "China_CNCAP": {
                    "compliance_level": 1.0,
                    "certification_cost": 0.126241246422454
                }
            },
            "data_privacy": {
                "GDPR_Europe": {
                    "compliance_cost": 0.10617322988942825,
                    "risk_level": 0.3435849592159165
                },
                "CCPA_California": {
                    "compliance_cost": 0.07507723534207063,
                    "risk_level": 0.3284135742131482
                },
                "China_PIPL": {
                    "compliance_cost": 0.10889183603850422,
                    "risk_level": 0.3972282684986947
                }
            }
        },
        "geopolitical_risks": {
            "trade_war_escalation": {
                "probability": 0.6798946432849131,
                "impact_severity": 0.6060258915154033,
                "affected_regions": [
                    "United_States",
                    "Europe"
                ],
                "mitigation_strategies": [
                    "supply_chain_diversification",
                    "local_partnerships"
                ]
            },
            "technology_decoupling": {
                "probability": 0.45362498934457435,
                "impact_severity": 0.48782858821504127,
                "affected_regions": [
                    "United_States"
                ],
                "mitigation_strategies": [
                    "indigenous_innovation",
                    "alternative_suppliers"
                ]
            },
            "sanctions_risk": {
                "probability": 0.3549959633709792,
                "impact_severity": 0.7028542901834681,
                "affected_regions": [
                    "United_States",
                    "Europe"
                ],
                "mitigation_strategies": [
                    "compliance_enhancement",
                    "legal_structuring"
                ]
            },