{
    "timestamp": "2027-07-01T00:00:00",
    "type": "Geopolitical",
    "data": {
        "regional_markets": {
            "China": {
                "market_access": 0.6463379803258537,
                "regulatory_compliance": 1.0,
                "local_content_requirement": 0.4,
                "government_support": 0.2713238887648566,
                "political_stability": 0.6701151358482627,
                "trade_barriers": 0.6815615017520882,
                "ev_incentives": 0.9970997742178681,
                "manufacturing_restrictions": 0.2
            },
            "United_States": {
                "market_access": 0.4810897561671695,
                "regulatory_compliance": 1.0,
                "local_content_requirement": 0.5,
                "government_support": 0.14355803271586096,
                "political_stability": 0.6891467621643876,
                "trade_barriers": 0.7971338979164785,
                "ev_incentives": 1.0,
                "manufacturing_restrictions": 0.35
            },
            "Europe": {
                "market_access": 0.9073919750372575,
                "regulatory_compliance": 0.9909868764028081,
                "local_content_requirement": 0.3,
                "government_support": 0.26406327113756395,
                "political_stability": 0.8168891646408625,
                "trade_barriers": 0.634156880102914,
                "ev_incentives": 0.9809198320790216,
                "manufacturing_restrictions": 0.15
            },
            "Southeast_Asia": {
                "market_access": 0.6469266665378554,
                "regulatory_compliance": 0.9714673723532447,
                "local_content_requirement": 0.25,
                "government_support": 0.29595475308238967,
                "political_stability": 0.42382783545630337,
                "trade_barriers": 0.8,
                "ev_incentives": 0.9153438526368821,
                "manufacturing_restrictions": 0.1
            },
            "Latin_America": {
                "market_access": 0.6257027474251167,
                "regulatory_compliance": 1.0,
                "local_content_requirement": 0.35,
                "government_support": 0.23479320270146095,
                "political_stability": 0.43831111520563926,
                "trade_barriers": 0.8,
                "ev_incentives": 1.0,
                "manufacturing_restrictions": 0.25
            },
            "Middle_East_Africa": {
                "market_access": 0.26562934855193665,
                "regulatory_compliance": 0.946686396267846,
                "local_content_requirement": 0.2,
                "government_support": 0.29960357040228375,
                "political_stability": 0.4544082305554268,
                "trade_barriers": 0.7607235564217285,
                "ev_incentives": 0.8812932105507392,
                "manufacturing_restrictions": 0.15
            }
        },
        "trade_policies": {
            "tariffs": {
                "US_Import": 0.31703268886639846,
                "EU_Import": 0.053759161033906405,
                "ASEAN_Import": 0.17399389457316156,
                "RCEP_Benefit": 0.15008082685368762,
                "Belt_Road_Benefit": 0.08012848691335948
            },
            "trade_agreements": {
                "RCEP": {
                    "status": "active",
                    "benefit_level": 0.35796692832758725,
                    "coverage": [
                        "Southeast_Asia",
                        "China"
                    ],
                    "expiry_risk": 0.2783686687855577
                },
                "Belt_Road_Initiative": {
                    "status": "expanding",
                    "benefit_level": 0.3138187907455952,
                    "coverage": [
                        "Middle_East_Africa",
                        "Latin_America",
                        "Southeast_Asia"
                    ],
                    "expiry_risk": 0.1
                },
                "CPTPP_Application": {
                    "status": "active",
                    "benefit_level": 0.4403164694257987,
                    "coverage": [
                        "Latin_America",
                        "Southeast_Asia"
                    ],
                    "approval_probability": 0.35
                }
            },
            "export_controls": {
                "battery_technology": 0.15,
                "semiconductor_chips": 0.2859477297061664,
                "rare_earth_materials": 0.3368070210482552,
                "manufacturing_equipment": 0.18047687943177093
            }
        },
        "regulatory_environment": {
            "emissions_standards": {
                "China_NEV": {
                    "compliance_cost": 0.25,
                    "timeline_pressure": 0.9998879520504959
                },
                "EU_Green_Deal": {
                    "compliance_cost": 0.25,
                    "timeline_pressure": 1.0
                },
                "US_CAFE": {
                    "compliance_cost": 0.25,
                    "timeline_pressure": 1.0
                },
                "Global_Paris_Accord": {
                    "compliance_cost": 0.25,
                    "timeline_pressure": 0.9903216766271842
                }
            },
            "safety_standards": {
                "UN_ECE": {
                    "compliance_level": 1.0,
                    "certification_cost": 0.15
                },
                "NHTSA": {
                    "compliance_level": 0.9875573101074707,
                    "certification_cost": 0.1467318764456092
                },
                "Euro_NCAP": {
                    "compliance_level": 0.9935537185887966,
                    "certification_cost": 0.1451371473531892
                },
                "China_CNCAP": {
                    "compliance_level": 0.9978799202471127,
                    "certification_cost": 0.15
                }
            },
            "data_privacy": {
                "GDPR_Europe": {
                    "compliance_cost": 0.12,
                    "risk_level": 0.3683143684778451
                },
                "CCPA_California": {
                    "compliance_cost": 0.12,
                    "risk_level": 0.5996154165534642
                },
                "China_PIPL": {
                    "compliance_cost": 0.10057347512131816,
                    "risk_level": 0.5500417371246228
                }
            }
        },
        "geopolitical_risks": {
            "trade_war_escalation": {
                "probability": 0.7,
                "impact_severity": 0.7082971999626317,
                "affected_regions": [
                    "United_States",
                    "Europe"
                ],
                "mitigation_strategies": [
                    "supply_chain_diversification",
                    "local_partnerships"
                ]
            },
            "technology_decoupling": {
                "probability": 0.6889064309654889,
                "impact_severity": 0.6433533058915314,
                "affected_regions": [
                    "United_States"
                ],
                "mitigation_strategies": [
                    "indigenous_innovation",
                    "alternative_suppliers"
                ]
            },
            "sanctions_risk": {
                "probability": 0.7,
                "impact_severity": 0.8,
                "affected_regions": [
                    "United_States",
                    "Europe"
                ],
                "mitigation_strategies": [
                    "compliance_enhancement",
                    "legal_structuring"
                ]
            },
            "supply_chain_disruption": {
                "probability": 0.7,
                "impact_severity": 0.29165101322932585,