{
    "timestamp": "2025-04-01T00:00:00",
    "type": "Geopolitical",
    "data": {
        "regional_markets": {
            "China": {
                "market_access": 1.0,
                "regulatory_compliance": 0.9618603040189269,
                "local_content_requirement": 0.4,
                "government_support": 0.658579083338478,
                "political_stability": 0.9084940914238178,
                "trade_barriers": 0.24651089262911907,
                "ev_incentives": 0.7689619954849315,
                "manufacturing_restrictions": 0.2
            },
            "United_States": {
                "market_access": 0.6193347296166225,
                "regulatory_compliance": 0.8180957919503828,
                "local_content_requirement": 0.5,
                "government_support": 0.4890494872877672,
                "political_stability": 0.7918190844522834,
                "trade_barriers": 0.5189542797039072,
                "ev_incentives": 0.642078263208912,
                "manufacturing_restrictions": 0.35
            },
            "Europe": {
                "market_access": 0.834120426217879,
                "regulatory_compliance": 0.8545249385002522,
                "local_content_requirement": 0.3,
                "government_support": 0.5133880664357995,
                "political_stability": 0.9086337999613434,
                "trade_barriers": 0.3113951621870854,
                "ev_incentives": 0.9801164887392295,
                "manufacturing_restrictions": 0.15
            },
            "Southeast_Asia": {
                "market_access": 0.9452858403352044,
                "regulatory_compliance": 0.8072049788033366,
                "local_content_requirement": 0.25,
                "government_support": 0.6228197106606264,
                "political_stability": 0.6808458095521915,
                "trade_barriers": 0.28008796922964035,
                "ev_incentives": 0.7619093415995956,
                "manufacturing_restrictions": 0.1
            },
            "Latin_America": {
                "market_access": 0.7641798425870348,
                "regulatory_compliance": 0.8091019886876742,
                "local_content_requirement": 0.35,
                "government_support": 0.6076323406774387,
                "political_stability": 0.5965912087140434,
                "trade_barriers": 0.3661464639841196,
                "ev_incentives": 0.46136007530265494,
                "manufacturing_restrictions": 0.25
            },
            "Middle_East_Africa": {
                "market_access": 0.6883456071659076,
                "regulatory_compliance": 0.6099103221955277,
                "local_content_requirement": 0.2,
                "government_support": 0.48235344657460516,
                "political_stability": 0.5415323084894053,
                "trade_barriers": 0.39744357601968927,
                "ev_incentives": 0.48740255528731763,
                "manufacturing_restrictions": 0.15
            }
        },
        "trade_policies": {
            "tariffs": {
                "US_Import": 0.25,
                "EU_Import": 0.1,
                "ASEAN_Import": 0.05,
                "RCEP_Benefit": -0.08,
                "Belt_Road_Benefit": -0.12
            },
            "trade_agreements": {
                "RCEP": {
                    "status": "active",
                    "benefit_level": 0.20945221391146385,
                    "coverage": [
                        "Southeast_Asia",
                        "China"
                    ],
                    "expiry_risk": 0.08434909047839309
                },
                "Belt_Road_Initiative": {
                    "status": "expanding",
                    "benefit_level": 0.267730559765537,
                    "coverage": [
                        "Middle_East_Africa",
                        "Latin_America",
                        "Southeast_Asia"
                    ],
                    "expiry_risk": 0.1
                },
                "CPTPP_Application": {
                    "status": "pending",
                    "benefit_level": 0.2703141664607974,
                    "coverage": [
                        "Latin_America",
                        "Southeast_Asia"
                    ],
                    "approval_probability": 0.35
                }
            },
            "export_controls": {
                "battery_technology": 0.15,
                "semiconductor_chips": 0.25,
                "rare_earth_materials": 0.2,
                "manufacturing_equipment": 0.1
            }
        },
        "regulatory_environment": {
            "emissions_standards": {
                "China_NEV": {
                    "compliance_cost": 0.11492716776499906,
                    "timeline_pressure": 0.7273487801080061
                },
                "EU_Green_Deal": {
                    "compliance_cost": 0.1579721412354352,
                    "timeline_pressure": 0.9573927855865731
                },
                "US_CAFE": {
                    "compliance_cost": 0.11604469519211011,
                    "timeline_pressure": 0.6694749219853314
                },
                "Global_Paris_Accord": {
                    "compliance_cost": 0.20779976433761108,
                    "timeline_pressure": 0.8459171178211733
                }
            },
            "safety_standards": {
                "UN_ECE": {
                    "compliance_level": 0.9285422809999074,
                    "certification_cost": 0.06838696632604531
                },
                "NHTSA": {
                    "compliance_level": 0.8902517301160102,
                    "certification_cost": 0.11167593347482975
                },
                "Euro_NCAP": {
                    "compliance_level": 0.8965678539486033,
                    "certification_cost": 0.09771142184538201
                },
                "China_CNCAP": {
                    "compliance_level": 0.9617284711688031,
                    "certification_cost": 0.0687910209757628
                }
            },
            "data_privacy": {
                "GDPR_Europe": {
                    "compliance_cost": 0.0959439337265092,
                    "risk_level": 0.32624757376665237
                },
                "CCPA_California": {
                    "compliance_cost": 0.04338652687275537,
                    "risk_level": 0.20254630283854302
                },
                "China_PIPL": {
                    "compliance_cost": 0.07023391543517575,
                    "risk_level": 0.2774985901566981
                }
            }
        },
        "geopolitical_risks": {
            "trade_war_escalation": {
                "probability": 0.3223481807731387,
                "impact_severity": 0.5011279892128555,
                "affected_regions": [
                    "United_States",
                    "Europe"
                ],
                "mitigation_strategies": [
                    "supply_chain_diversification",
                    "local_partnerships"
                ]
            },
            "technology_decoupling": {
                "probability": 0.423914319492867,
                "impact_severity": 0.4836030236628274,
                "affected_regions": [
                    "United_States"
                ],
                "mitigation_strategies": [
                    "indigenous_innovation",
                    "alternative_suppliers"
                ]
            },
            "sanctions_risk": {
                "probability": 0.2245554958357352,
                "impact_severity": 0.6636344329109487,
                "affected_regions": [
                    "United_States",
                    "Europe"
                ],
                "mitigation_strategies": [
                    "compliance_enhancement",
                    "legal_structuring"
                ]
            },