{
    "timestamp": "2025-01-01T00:00:00",
    "type": "Geopolitical",
    "data": {
        "regional_markets": {
            "China": {
                "market_access": 1.0,
                "regulatory_compliance": 0.9411942649355826,
                "local_content_requirement": 0.4,
                "government_support": 0.7878086798234687,
                "political_stability": 0.8675864745526428,
                "trade_barriers": 0.15662691855487526,
                "ev_incentives": 0.7561430657917789,
                "manufacturing_restrictions": 0.2
            },
            "United_States": {
                "market_access": 0.6252038845166972,
                "regulatory_compliance": 0.7989057512487501,
                "local_content_requirement": 0.5,
                "government_support": 0.384363724712569,
                "political_stability": 0.8331495337681611,
                "trade_barriers": 0.4352087179755934,
                "ev_incentives": 0.5821354633420583,
                "manufacturing_restrictions": 0.35
            },
            "Europe": {
                "market_access": 0.8148877621209851,
                "regulatory_compliance": 0.863688401578901,
                "local_content_requirement": 0.3,
                "government_support": 0.6346976027055687,
                "political_stability": 0.8757560147475308,
                "trade_barriers": 0.27106713811959376,
                "ev_incentives": 0.9238265332837331,
                "manufacturing_restrictions": 0.15
            },
            "Southeast_Asia": {
                "market_access": 0.905428757235367,
                "regulatory_compliance": 0.8076196162685693,
                "local_content_requirement": 0.25,
                "government_support": 0.7012907355156377,
                "political_stability": 0.7412635024769058,
                "trade_barriers": 0.19962153857588677,
                "ev_incentives": 0.6298350123927182,
                "manufacturing_restrictions": 0.1
            },
            "Latin_America": {
                "market_access": 0.8418782639789687,
                "regulatory_compliance": 0.723389705785858,
                "local_content_requirement": 0.35,
                "government_support": 0.5565431196126225,
                "political_stability": 0.6549792811373605,
                "trade_barriers": 0.3370911892705015,
                "ev_incentives": 0.4268002231247618,
                "manufacturing_restrictions": 0.25
            },
            "Middle_East_Africa": {
                "market_access": 0.7613355622568115,
                "regulatory_compliance": 0.6379032857370842,
                "local_content_requirement": 0.2,
                "government_support": 0.5359171018341443,
                "political_stability": 0.5837506741888479,
                "trade_barriers": 0.36434394169719536,
                "ev_incentives": 0.3773352897922554,
                "manufacturing_restrictions": 0.15
            }
        },
        "trade_policies": {
            "tariffs": {
                "US_Import": 0.25,
                "EU_Import": 0.1,
                "ASEAN_Import": 0.05,
                "RCEP_Benefit": -0.08,
                "Belt_Road_Benefit": -0.12
            },
            "trade_agreements": {
                "RCEP": {
                    "status": "active",
                    "benefit_level": 0.16542996781383057,
                    "coverage": [
                        "Southeast_Asia",
                        "China"
                    ],
                    "expiry_risk": 0.05073780084566551
                },
                "Belt_Road_Initiative": {
                    "status": "expanding",
                    "benefit_level": 0.22501838776102853,
                    "coverage": [
                        "Middle_East_Africa",
                        "Latin_America",
                        "Southeast_Asia"
                    ],
                    "expiry_risk": 0.1
                },
                "CPTPP_Application": {
                    "status": "pending",
                    "benefit_level": 0.2340936399614833,
                    "coverage": [
                        "Latin_America",
                        "Southeast_Asia"
                    ],
                    "approval_probability": 0.35
                }
            },
            "export_controls": {
                "battery_technology": 0.15,
                "semiconductor_chips": 0.25,
                "rare_earth_materials": 0.2,
                "manufacturing_equipment": 0.1
            }
        },
        "regulatory_environment": {
            "emissions_standards": {
                "China_NEV": {
                    "compliance_cost": 0.07820495995869939,
                    "timeline_pressure": 0.657079021805837
                },
                "EU_Green_Deal": {
                    "compliance_cost": 0.12022700655503642,
                    "timeline_pressure": 0.8075305137675979
                },
                "US_CAFE": {
                    "compliance_cost": 0.09527456471730719,
                    "timeline_pressure": 0.6071876154033784
                },
                "Global_Paris_Accord": {
                    "compliance_cost": 0.16423526064296146,
                    "timeline_pressure": 0.7224125507014724
                }
            },
            "safety_standards": {
                "UN_ECE": {
                    "compliance_level": 0.9157530184369709,
                    "certification_cost": 0.04649828735533993
                },
                "NHTSA": {
                    "compliance_level": 0.883330383087466,
                    "certification_cost": 0.09291484393296542
                },
                "Euro_NCAP": {
                    "compliance_level": 0.8901497054225261,
                    "certification_cost": 0.07475306222603632
                },
                "China_CNCAP": {
                    "compliance_level": 0.9427803203323598,
                    "certification_cost": 0.03837022684580162
                }
            },
            "data_privacy": {
                "GDPR_Europe": {
                    "compliance_cost": 0.07553681656086518,
                    "risk_level": 0.3454459722350844
                },
                "CCPA_California": {
                    "compliance_cost": 0.033670363573382336,
                    "risk_level": 0.25791989079200806
                },
                "China_PIPL": {
                    "compliance_cost": 0.06092047570493892,
                    "risk_level": 0.23877545806558714
                }
            }
        },
        "geopolitical_risks": {
            "trade_war_escalation": {
                "probability": 0.2657641633625517,
                "impact_severity": 0.3992591356829824,
                "affected_regions": [
                    "United_States",
                    "Europe"
                ],
                "mitigation_strategies": [
                    "supply_chain_diversification",
                    "local_partnerships"
                ]
            },
            "technology_decoupling": {
                "probability": 0.37043805536785246,
                "impact_severity": 0.5315793215425733,
                "affected_regions": [
                    "United_States"
                ],
                "mitigation_strategies": [
                    "indigenous_innovation",
                    "alternative_suppliers"
                ]
            },
            "sanctions_risk": {
                "probability": 0.12464519440109059,
                "impact_severity": 0.6018197944341341,
                "affected_regions": [
                    "United_States",
                    "Europe"
                ],
                "mitigation_strategies": [
                    "compliance_enhancement",
                    "legal_structuring"
                ]
            },