{
    "timestamp": "2025-07-01T00:00:00",
    "type": "Geopolitical",
    "data": {
        "regional_markets": {
            "China": {
                "market_access": 0.960831023906436,
                "regulatory_compliance": 1.0,
                "local_content_requirement": 0.4,
                "government_support": 0.557422300896313,
                "political_stability": 0.871135363605017,
                "trade_barriers": 0.267104598820174,
                "ev_incentives": 0.8581873288886674,
                "manufacturing_restrictions": 0.2
            },
            "United_States": {
                "market_access": 0.6152156397344779,
                "regulatory_compliance": 0.8511030137244581,
                "local_content_requirement": 0.5,
                "government_support": 0.4894505088128518,
                "political_stability": 0.759798621810989,
                "trade_barriers": 0.6203138589683173,
                "ev_incentives": 0.6058572581589994,
                "manufacturing_restrictions": 0.35
            },
            "Europe": {
                "market_access": 0.8308235344365018,
                "regulatory_compliance": 0.9009761269982565,
                "local_content_requirement": 0.3,
                "government_support": 0.4239281229476003,
                "political_stability": 0.897360308571314,
                "trade_barriers": 0.33896240037977715,
                "ev_incentives": 0.9362744636348765,
                "manufacturing_restrictions": 0.15
            },
            "Southeast_Asia": {
                "market_access": 0.922446374482241,
                "regulatory_compliance": 0.8677769526103415,
                "local_content_requirement": 0.25,
                "government_support": 0.6051395656598839,
                "political_stability": 0.6613227456649007,
                "trade_barriers": 0.3647357893159531,
                "ev_incentives": 0.8110725609467583,
                "manufacturing_restrictions": 0.1
            },
            "Latin_America": {
                "market_access": 0.7333302106573494,
                "regulatory_compliance": 0.8586246178558445,
                "local_content_requirement": 0.35,
                "government_support": 0.47873970555510126,
                "political_stability": 0.6028759233486851,
                "trade_barriers": 0.47891886098196346,
                "ev_incentives": 0.48791485041652327,
                "manufacturing_restrictions": 0.25
            },
            "Middle_East_Africa": {
                "market_access": 0.6493445639172308,
                "regulatory_compliance": 0.6198093350729508,
                "local_content_requirement": 0.2,
                "government_support": 0.4676187382125783,
                "political_stability": 0.5184488250575376,
                "trade_barriers": 0.4197211002473607,
                "ev_incentives": 0.5528864310232124,
                "manufacturing_restrictions": 0.15
            }
        },
        "trade_policies": {
            "tariffs": {
                "US_Import": 0.25,
                "EU_Import": 0.1,
                "ASEAN_Import": 0.05,
                "RCEP_Benefit": -0.08,
                "Belt_Road_Benefit": -0.12
            },
            "trade_agreements": {
                "RCEP": {
                    "status": "active",
                    "benefit_level": 0.2711167954303812,
                    "coverage": [
                        "Southeast_Asia",
                        "China"
                    ],
                    "expiry_risk": 0.12007286525548772
                },
                "Belt_Road_Initiative": {
                    "status": "expanding",
                    "benefit_level": 0.31236912455203525,
                    "coverage": [
                        "Middle_East_Africa",
                        "Latin_America",
                        "Southeast_Asia"
                    ],
                    "expiry_risk": 0.1
                },
                "CPTPP_Application": {
                    "status": "pending",
                    "benefit_level": 0.28354460539376586,
                    "coverage": [
                        "Latin_America",
                        "Southeast_Asia"
                    ],
                    "approval_probability": 0.35
                }
            },
            "export_controls": {
                "battery_technology": 0.15,
                "semiconductor_chips": 0.25,
                "rare_earth_materials": 0.2,
                "manufacturing_equipment": 0.1
            }
        },
        "regulatory_environment": {
            "emissions_standards": {
                "China_NEV": {
                    "compliance_cost": 0.1085111546320231,
                    "timeline_pressure": 0.7698009325712393
                },
                "EU_Green_Deal": {
                    "compliance_cost": 0.18185956891495766,
                    "timeline_pressure": 1.0
                },
                "US_CAFE": {
                    "compliance_cost": 0.1356237753004201,
                    "timeline_pressure": 0.677838460521317
                },
                "Global_Paris_Accord": {
                    "compliance_cost": 0.2423950035049498,
                    "timeline_pressure": 0.915905366711864
                }
            },
            "safety_standards": {
                "UN_ECE": {
                    "compliance_level": 0.9262698696152676,
                    "certification_cost": 0.09647468857770318
                },
                "NHTSA": {
                    "compliance_level": 0.9178524759444912,
                    "certification_cost": 0.12530461940416104
                },
                "Euro_NCAP": {
                    "compliance_level": 0.8964635177607337,
                    "certification_cost": 0.10695375839479902
                },
                "China_CNCAP": {
                    "compliance_level": 0.9741174194389262,
                    "certification_cost": 0.09441798284316927
                }
            },
            "data_privacy": {
                "GDPR_Europe": {
                    "compliance_cost": 0.10775628555142652,
                    "risk_level": 0.3575537593804138
                },
                "CCPA_California": {
                    "compliance_cost": 0.0753026979497862,
                    "risk_level": 0.2677404627018916
                },
                "China_PIPL": {
                    "compliance_cost": 0.06482855536045806,
                    "risk_level": 0.32188538614966494
                }
            }
        },
        "geopolitical_risks": {
            "trade_war_escalation": {
                "probability": 0.4636838235554037,
                "impact_severity": 0.5367976123594391,
                "affected_regions": [
                    "United_States",
                    "Europe"
                ],
                "mitigation_strategies": [
                    "supply_chain_diversification",
                    "local_partnerships"
                ]
            },
            "technology_decoupling": {
                "probability": 0.42934839999168245,
                "impact_severity": 0.4668615545605811,
                "affected_regions": [
                    "United_States"
                ],
                "mitigation_strategies": [
                    "indigenous_innovation",
                    "alternative_suppliers"
                ]
            },
            "sanctions_risk": {
                "probability": 0.306377602569158,
                "impact_severity": 0.6947530924391867,
                "affected_regions": [
                    "United_States",
                    "Europe"
                ],
                "mitigation_strategies": [
                    "compliance_enhancement",
                    "legal_structuring"
                ]
            },