{
    "timestamp": "2026-12-01T00:00:00",
    "type": "Geopolitical",
    "data": {
        "regional_markets": {
            "China": {
                "market_access": 0.7895762208164666,
                "regulatory_compliance": 1.0,
                "local_content_requirement": 0.4,
                "government_support": 0.2933466546393195,
                "political_stability": 0.7297815723434168,
                "trade_barriers": 0.5063656905444777,
                "ev_incentives": 0.9807414435835146,
                "manufacturing_restrictions": 0.2
            },
            "United_States": {
                "market_access": 0.42638595306685484,
                "regulatory_compliance": 1.0,
                "local_content_requirement": 0.5,
                "government_support": 0.19696438156123294,
                "political_stability": 0.7211922618249748,
                "trade_barriers": 0.8,
                "ev_incentives": 1.0,
                "manufacturing_restrictions": 0.35
            },
            "Europe": {
                "market_access": 0.8676191773461128,
                "regulatory_compliance": 1.0,
                "local_content_requirement": 0.3,
                "government_support": 0.5124563036040437,
                "political_stability": 0.8253593731358981,
                "trade_barriers": 0.5500526165576317,
                "ev_incentives": 0.9717197886644848,
                "manufacturing_restrictions": 0.15
            },
            "Southeast_Asia": {
                "market_access": 0.694263068526825,
                "regulatory_compliance": 1.0,
                "local_content_requirement": 0.25,
                "government_support": 0.3760875743073076,
                "political_stability": 0.45890019631229667,
                "trade_barriers": 0.7926598327272529,
                "ev_incentives": 0.9464335430244307,
                "manufacturing_restrictions": 0.1
            },
            "Latin_America": {
                "market_access": 0.701638923538923,
                "regulatory_compliance": 1.0,
                "local_content_requirement": 0.35,
                "government_support": 0.4770014323996199,
                "political_stability": 0.5326128040378909,
                "trade_barriers": 0.7530107735690235,
                "ev_incentives": 1.0,
                "manufacturing_restrictions": 0.25
            },
            "Middle_East_Africa": {
                "market_access": 0.3664583303155955,
                "regulatory_compliance": 0.8511439770399347,
                "local_content_requirement": 0.2,
                "government_support": 0.4286727613672781,
                "political_stability": 0.4320741281830817,
                "trade_barriers": 0.705018612035618,
                "ev_incentives": 0.7863722868467792,
                "manufacturing_restrictions": 0.15
            }
        },
        "trade_policies": {
            "tariffs": {
                "US_Import": 0.31703268886639846,
                "EU_Import": 0.053759161033906405,
                "ASEAN_Import": 0.05,
                "RCEP_Benefit": 0.15008082685368762,
                "Belt_Road_Benefit": 0.08012848691335948
            },
            "trade_agreements": {
                "RCEP": {
                    "status": "active",
                    "benefit_level": 0.3243084613492371,
                    "coverage": [
                        "Southeast_Asia",
                        "China"
                    ],
                    "expiry_risk": 0.2102676785507992
                },
                "Belt_Road_Initiative": {
                    "status": "expanding",
                    "benefit_level": 0.28790581398684245,
                    "coverage": [
                        "Middle_East_Africa",
                        "Latin_America",
                        "Southeast_Asia"
                    ],
                    "expiry_risk": 0.1
                },
                "CPTPP_Application": {
                    "status": "active",
                    "benefit_level": 0.39933162630964364,
                    "coverage": [
                        "Latin_America",
                        "Southeast_Asia"
                    ],
                    "approval_probability": 0.35
                }
            },
            "export_controls": {
                "battery_technology": 0.15,
                "semiconductor_chips": 0.2859477297061664,
                "rare_earth_materials": 0.30259540019834513,
                "manufacturing_equipment": 0.18047687943177093
            }
        },
        "regulatory_environment": {
            "emissions_standards": {
                "China_NEV": {
                    "compliance_cost": 0.25,
                    "timeline_pressure": 1.0
                },
                "EU_Green_Deal": {
                    "compliance_cost": 0.25,
                    "timeline_pressure": 1.0
                },
                "US_CAFE": {
                    "compliance_cost": 0.25,
                    "timeline_pressure": 0.86552375573417
                },
                "Global_Paris_Accord": {
                    "compliance_cost": 0.25,
                    "timeline_pressure": 1.0
                }
            },
            "safety_standards": {
                "UN_ECE": {
                    "compliance_level": 0.9957476688571165,
                    "certification_cost": 0.15
                },
                "NHTSA": {
                    "compliance_level": 0.9922763464712444,
                    "certification_cost": 0.15
                },
                "Euro_NCAP": {
                    "compliance_level": 1.0,
                    "certification_cost": 0.15
                },
                "China_CNCAP": {
                    "compliance_level": 1.0,
                    "certification_cost": 0.15
                }
            },
            "data_privacy": {
                "GDPR_Europe": {
                    "compliance_cost": 0.115477740514696,
                    "risk_level": 0.398691494107904
                },
                "CCPA_California": {
                    "compliance_cost": 0.12,
                    "risk_level": 0.5006190251595131
                },
                "China_PIPL": {
                    "compliance_cost": 0.08045164011245244,
                    "risk_level": 0.43678272190463324
                }
            }
        },
        "geopolitical_risks": {
            "trade_war_escalation": {
                "probability": 0.7,
                "impact_severity": 0.6759848657868109,
                "affected_regions": [
                    "United_States",
                    "Europe"
                ],
                "mitigation_strategies": [
                    "supply_chain_diversification",
                    "local_partnerships"
                ]
            },
            "technology_decoupling": {
                "probability": 0.6372351923092157,
                "impact_severity": 0.6361617239088848,
                "affected_regions": [
                    "United_States"
                ],
                "mitigation_strategies": [
                    "indigenous_innovation",
                    "alternative_suppliers"
                ]
            },
            "sanctions_risk": {
                "probability": 0.6870488777525502,
                "impact_severity": 0.8,
                "affected_regions": [
                    "United_States",
                    "Europe"
                ],
                "mitigation_strategies": [
                    "compliance_enhancement",
                    "legal_structuring"
                ]
            },
            "supply_chain_disruption": {
                "probability": 0.5623203388346862,
                "impact_severity": 0.25633041001574874,
                "affected_regions": [
                    "Global"
                ],