{
    "timestamp": "2025-09-01T00:00:00",
    "type": "Geopolitical",
    "data": {
        "regional_markets": {
            "China": {
                "market_access": 0.9079846031208239,
                "regulatory_compliance": 1.0,
                "local_content_requirement": 0.4,
                "government_support": 0.44465105225010476,
                "political_stability": 0.8865646022913212,
                "trade_barriers": 0.278520281991784,
                "ev_incentives": 0.873378297072315,
                "manufacturing_restrictions": 0.2
            },
            "United_States": {
                "market_access": 0.6066446664233778,
                "regulatory_compliance": 0.9212156919486649,
                "local_content_requirement": 0.5,
                "government_support": 0.47700912730900624,
                "political_stability": 0.7522328829316399,
                "trade_barriers": 0.6307725810582897,
                "ev_incentives": 0.7409998156091546,
                "manufacturing_restrictions": 0.35
            },
            "Europe": {
                "market_access": 0.815438528934577,
                "regulatory_compliance": 0.9659126360509122,
                "local_content_requirement": 0.3,
                "government_support": 0.4982670666521523,
                "political_stability": 0.8966263629891986,
                "trade_barriers": 0.3209358609158584,
                "ev_incentives": 0.981372159724214,
                "manufacturing_restrictions": 0.15
            },
            "Southeast_Asia": {
                "market_access": 0.881894017597059,
                "regulatory_compliance": 0.8785413885814937,
                "local_content_requirement": 0.25,
                "government_support": 0.4561289885691549,
                "political_stability": 0.6388584749529191,
                "trade_barriers": 0.46365313852147216,
                "ev_incentives": 0.8863707890036835,
                "manufacturing_restrictions": 0.1
            },
            "Latin_America": {
                "market_access": 0.7598245726369608,
                "regulatory_compliance": 0.8668612036651149,
                "local_content_requirement": 0.35,
                "government_support": 0.41209309535278194,
                "political_stability": 0.5932776759721445,
                "trade_barriers": 0.5127321534150806,
                "ev_incentives": 0.5581892334350479,
                "manufacturing_restrictions": 0.25
            },
            "Middle_East_Africa": {
                "market_access": 0.5915556998477206,
                "regulatory_compliance": 0.6088440292558954,
                "local_content_requirement": 0.2,
                "government_support": 0.3520302418820004,
                "political_stability": 0.5223157356271417,
                "trade_barriers": 0.4698785941038793,
                "ev_incentives": 0.5652515175034678,
                "manufacturing_restrictions": 0.15
            }
        },
        "trade_policies": {
            "tariffs": {
                "US_Import": 0.25,
                "EU_Import": 0.1,
                "ASEAN_Import": 0.05,
                "RCEP_Benefit": -0.08,
                "Belt_Road_Benefit": -0.12
            },
            "trade_agreements": {
                "RCEP": {
                    "status": "active",
                    "benefit_level": 0.29643289695463115,
                    "coverage": [
                        "Southeast_Asia",
                        "China"
                    ],
                    "expiry_risk": 0.1262342507674103
                },
                "Belt_Road_Initiative": {
                    "status": "expanding",
                    "benefit_level": 0.2905297012027992,
                    "coverage": [
                        "Middle_East_Africa",
                        "Latin_America",
                        "Southeast_Asia"
                    ],
                    "expiry_risk": 0.1
                },
                "CPTPP_Application": {
                    "status": "pending",
                    "benefit_level": 0.2729648851738135,
                    "coverage": [
                        "Latin_America",
                        "Southeast_Asia"
                    ],
                    "approval_probability": 0.35
                }
            },
            "export_controls": {
                "battery_technology": 0.15,
                "semiconductor_chips": 0.25,
                "rare_earth_materials": 0.254709640702719,
                "manufacturing_equipment": 0.1728464163931338
            }
        },
        "regulatory_environment": {
            "emissions_standards": {
                "China_NEV": {
                    "compliance_cost": 0.1615065074377876,
                    "timeline_pressure": 0.7462441688597213
                },
                "EU_Green_Deal": {
                    "compliance_cost": 0.1992807019424003,
                    "timeline_pressure": 0.9895443906720797
                },
                "US_CAFE": {
                    "compliance_cost": 0.1762359114378517,
                    "timeline_pressure": 0.7518275769927228
                },
                "Global_Paris_Accord": {
                    "compliance_cost": 0.25,
                    "timeline_pressure": 0.9793140016487244
                }
            },
            "safety_standards": {
                "UN_ECE": {
                    "compliance_level": 0.9397086824768301,
                    "certification_cost": 0.09191484502990445
                },
                "NHTSA": {
                    "compliance_level": 0.9399043867659067,
                    "certification_cost": 0.12406572368718152
                },
                "Euro_NCAP": {
                    "compliance_level": 0.9179203635159761,
                    "certification_cost": 0.11629953381320947
                },
                "China_CNCAP": {
                    "compliance_level": 0.9873804616034284,
                    "certification_cost": 0.10674416499252885
                }
            },
            "data_privacy": {
                "GDPR_Europe": {
                    "compliance_cost": 0.11117986546282455,
                    "risk_level": 0.34683237669963796
                },
                "CCPA_California": {
                    "compliance_cost": 0.07293285002541616,
                    "risk_level": 0.2507070720079798
                },
                "China_PIPL": {
                    "compliance_cost": 0.08068913530864,
                    "risk_level": 0.32140532624593576
                }
            }
        },
        "geopolitical_risks": {
            "trade_war_escalation": {
                "probability": 0.5534413587976529,
                "impact_severity": 0.536523228350835,
                "affected_regions": [
                    "United_States",
                    "Europe"
                ],
                "mitigation_strategies": [
                    "supply_chain_diversification",
                    "local_partnerships"
                ]
            },
            "technology_decoupling": {
                "probability": 0.4555314859169832,
                "impact_severity": 0.45852264355526134,
                "affected_regions": [
                    "United_States"
                ],
                "mitigation_strategies": [
                    "indigenous_innovation",
                    "alternative_suppliers"
                ]
            },
            "sanctions_risk": {
                "probability": 0.3996253781437998,
                "impact_severity": 0.6931066359514192,
                "affected_regions": [
                    "United_States",
                    "Europe"
                ],
                "mitigation_strategies": [
                    "compliance_enhancement",
                    "legal_structuring"
                ]
            },