{
    "timestamp": "2027-01-01T00:00:00",
    "type": "Geopolitical",
    "data": {
        "regional_markets": {
            "China": {
                "market_access": 0.7462607584974306,
                "regulatory_compliance": 1.0,
                "local_content_requirement": 0.4,
                "government_support": 0.2193080745250061,
                "political_stability": 0.719852708863,
                "trade_barriers": 0.559163962811629,
                "ev_incentives": 1.0,
                "manufacturing_restrictions": 0.2
            },
            "United_States": {
                "market_access": 0.40870141300033813,
                "regulatory_compliance": 0.9994252862524279,
                "local_content_requirement": 0.5,
                "government_support": 0.1596535548017558,
                "political_stability": 0.7281990187815279,
                "trade_barriers": 0.8,
                "ev_incentives": 0.9794953376524045,
                "manufacturing_restrictions": 0.35
            },
            "Europe": {
                "market_access": 0.8893417657899108,
                "regulatory_compliance": 0.998297956850339,
                "local_content_requirement": 0.3,
                "government_support": 0.5117022247680808,
                "political_stability": 0.8338957927724795,
                "trade_barriers": 0.5979600543855144,
                "ev_incentives": 0.9801097281811512,
                "manufacturing_restrictions": 0.15
            },
            "Southeast_Asia": {
                "market_access": 0.7103567008635001,
                "regulatory_compliance": 0.9934937445939436,
                "local_content_requirement": 0.25,
                "government_support": 0.371158260206551,
                "political_stability": 0.46777197773422874,
                "trade_barriers": 0.7943914829780765,
                "ev_incentives": 0.9488820180713808,
                "manufacturing_restrictions": 0.1
            },
            "Latin_America": {
                "market_access": 0.7267319299795123,
                "regulatory_compliance": 0.9831753286311611,
                "local_content_requirement": 0.35,
                "government_support": 0.4652373749569253,
                "political_stability": 0.5231038156371001,
                "trade_barriers": 0.8,
                "ev_incentives": 1.0,
                "manufacturing_restrictions": 0.25
            },
            "Middle_East_Africa": {
                "market_access": 0.3266238273546914,
                "regulatory_compliance": 0.8756033247737733,
                "local_content_requirement": 0.2,
                "government_support": 0.4105378446070161,
                "political_stability": 0.4418392461437874,
                "trade_barriers": 0.6943574653785499,
                "ev_incentives": 0.8253024305461183,
                "manufacturing_restrictions": 0.15
            }
        },
        "trade_policies": {
            "tariffs": {
                "US_Import": 0.31703268886639846,
                "EU_Import": 0.053759161033906405,
                "ASEAN_Import": 0.08662398033620024,
                "RCEP_Benefit": 0.15008082685368762,
                "Belt_Road_Benefit": 0.08012848691335948
            },
            "trade_agreements": {
                "RCEP": {
                    "status": "active",
                    "benefit_level": 0.33823151231689563,
                    "coverage": [
                        "Southeast_Asia",
                        "China"
                    ],
                    "expiry_risk": 0.22466938534633504
                },
                "Belt_Road_Initiative": {
                    "status": "expanding",
                    "benefit_level": 0.2747910149109957,
                    "coverage": [
                        "Middle_East_Africa",
                        "Latin_America",
                        "Southeast_Asia"
                    ],
                    "expiry_risk": 0.1
                },
                "CPTPP_Application": {
                    "status": "active",
                    "benefit_level": 0.4247015949205166,
                    "coverage": [
                        "Latin_America",
                        "Southeast_Asia"
                    ],
                    "approval_probability": 0.35
                }
            },
            "export_controls": {
                "battery_technology": 0.15,
                "semiconductor_chips": 0.2859477297061664,
                "rare_earth_materials": 0.30259540019834513,
                "manufacturing_equipment": 0.18047687943177093
            }
        },
        "regulatory_environment": {
            "emissions_standards": {
                "China_NEV": {
                    "compliance_cost": 0.25,
                    "timeline_pressure": 1.0
                },
                "EU_Green_Deal": {
                    "compliance_cost": 0.24659383716636477,
                    "timeline_pressure": 1.0
                },
                "US_CAFE": {
                    "compliance_cost": 0.24912614223518714,
                    "timeline_pressure": 0.9185912229579759
                },
                "Global_Paris_Accord": {
                    "compliance_cost": 0.25,
                    "timeline_pressure": 1.0
                }
            },
            "safety_standards": {
                "UN_ECE": {
                    "compliance_level": 1.0,
                    "certification_cost": 0.14758561789131439
                },
                "NHTSA": {
                    "compliance_level": 1.0,
                    "certification_cost": 0.15
                },
                "Euro_NCAP": {
                    "compliance_level": 0.9906970902064933,
                    "certification_cost": 0.15
                },
                "China_CNCAP": {
                    "compliance_level": 1.0,
                    "certification_cost": 0.15
                }
            },
            "data_privacy": {
                "GDPR_Europe": {
                    "compliance_cost": 0.11853643337893432,
                    "risk_level": 0.3880223774064771
                },
                "CCPA_California": {
                    "compliance_cost": 0.11180187487284665,
                    "risk_level": 0.5453211522316593
                },
                "China_PIPL": {
                    "compliance_cost": 0.0819511660535092,
                    "risk_level": 0.4586805105124531
                }
            }
        },
        "geopolitical_risks": {
            "trade_war_escalation": {
                "probability": 0.7,
                "impact_severity": 0.6518595209426686,
                "affected_regions": [
                    "United_States",
                    "Europe"
                ],
                "mitigation_strategies": [
                    "supply_chain_diversification",
                    "local_partnerships"
                ]
            },
            "technology_decoupling": {
                "probability": 0.6759979242075772,
                "impact_severity": 0.66565507044161,
                "affected_regions": [
                    "United_States"
                ],
                "mitigation_strategies": [
                    "indigenous_innovation",
                    "alternative_suppliers"
                ]
            },
            "sanctions_risk": {
                "probability": 0.6410776401646491,
                "impact_severity": 0.7925050196451237,
                "affected_regions": [
                    "United_States",
                    "Europe"
                ],
                "mitigation_strategies": [
                    "compliance_enhancement",
                    "legal_structuring"
                ]
            },
            "supply_chain_disruption": {
                "probability": 0.5943543089832857,
                "impact_severity": 0.2838364789288347,