{
    "timestamp": "2025-11-01T00:00:00",
    "type": "Geopolitical",
    "data": {
        "regional_markets": {
            "China": {
                "market_access": 0.9165579291236075,
                "regulatory_compliance": 1.0,
                "local_content_requirement": 0.4,
                "government_support": 0.4125674654761249,
                "political_stability": 0.8426752971449732,
                "trade_barriers": 0.2596381611192087,
                "ev_incentives": 0.9630055917924254,
                "manufacturing_restrictions": 0.2
            },
            "United_States": {
                "market_access": 0.5875335983736036,
                "regulatory_compliance": 0.9263981980777966,
                "local_content_requirement": 0.5,
                "government_support": 0.43045056520718394,
                "political_stability": 0.718206736016901,
                "trade_barriers": 0.7111338705062473,
                "ev_incentives": 0.7649540038589389,
                "manufacturing_restrictions": 0.35
            },
            "Europe": {
                "market_access": 0.7958064289378457,
                "regulatory_compliance": 1.0,
                "local_content_requirement": 0.3,
                "government_support": 0.5779127833753541,
                "political_stability": 0.8757929958554456,
                "trade_barriers": 0.4152939320652025,
                "ev_incentives": 0.9915631767161195,
                "manufacturing_restrictions": 0.15
            },
            "Southeast_Asia": {
                "market_access": 0.8611681962398672,
                "regulatory_compliance": 0.8953974489171087,
                "local_content_requirement": 0.25,
                "government_support": 0.41937444861460665,
                "political_stability": 0.6011892539923667,
                "trade_barriers": 0.5572423888362601,
                "ev_incentives": 0.9417155875137743,
                "manufacturing_restrictions": 0.1
            },
            "Latin_America": {
                "market_access": 0.7827327620308396,
                "regulatory_compliance": 0.9304735493045959,
                "local_content_requirement": 0.35,
                "government_support": 0.4375822654956376,
                "political_stability": 0.5774286711965547,
                "trade_barriers": 0.5620978176670018,
                "ev_incentives": 0.5852967570635295,
                "manufacturing_restrictions": 0.25
            },
            "Middle_East_Africa": {
                "market_access": 0.5701237229639318,
                "regulatory_compliance": 0.6162334802077366,
                "local_content_requirement": 0.2,
                "government_support": 0.37836686638026157,
                "political_stability": 0.48127774989103733,
                "trade_barriers": 0.5240341735948264,
                "ev_incentives": 0.6581412504438601,
                "manufacturing_restrictions": 0.15
            }
        },
        "trade_policies": {
            "tariffs": {
                "US_Import": 0.25,
                "EU_Import": 0.1,
                "ASEAN_Import": 0.05,
                "RCEP_Benefit": -0.08,
                "Belt_Road_Benefit": -0.12
            },
            "trade_agreements": {
                "RCEP": {
                    "status": "active",
                    "benefit_level": 0.2946128365333392,
                    "coverage": [
                        "Southeast_Asia",
                        "China"
                    ],
                    "expiry_risk": 0.15158283964556923
                },
                "Belt_Road_Initiative": {
                    "status": "expanding",
                    "benefit_level": 0.33016954874427656,
                    "coverage": [
                        "Middle_East_Africa",
                        "Latin_America",
                        "Southeast_Asia"
                    ],
                    "expiry_risk": 0.1
                },
                "CPTPP_Application": {
                    "status": "pending",
                    "benefit_level": 0.2803457506324972,
                    "coverage": [
                        "Latin_America",
                        "Southeast_Asia"
                    ],
                    "approval_probability": 0.35
                }
            },
            "export_controls": {
                "battery_technology": 0.15,
                "semiconductor_chips": 0.25,
                "rare_earth_materials": 0.254709640702719,
                "manufacturing_equipment": 0.1728464163931338
            }
        },
        "regulatory_environment": {
            "emissions_standards": {
                "China_NEV": {
                    "compliance_cost": 0.17912177810994914,
                    "timeline_pressure": 0.8443506797198522
                },
                "EU_Green_Deal": {
                    "compliance_cost": 0.23952231950295397,
                    "timeline_pressure": 1.0
                },
                "US_CAFE": {
                    "compliance_cost": 0.22276881206196084,
                    "timeline_pressure": 0.7620358575491617
                },
                "Global_Paris_Accord": {
                    "compliance_cost": 0.25,
                    "timeline_pressure": 0.9518845354436104
                }
            },
            "safety_standards": {
                "UN_ECE": {
                    "compliance_level": 0.9387468752285367,
                    "certification_cost": 0.1189755001333528
                },
                "NHTSA": {
                    "compliance_level": 0.9545969923437971,
                    "certification_cost": 0.1204648826359674
                },
                "Euro_NCAP": {
                    "compliance_level": 0.9337970776846954,
                    "certification_cost": 0.1361557304794933
                },
                "China_CNCAP": {
                    "compliance_level": 1.0,
                    "certification_cost": 0.11282446126918678
                }
            },
            "data_privacy": {
                "GDPR_Europe": {
                    "compliance_cost": 0.12,
                    "risk_level": 0.35986370813739377
                },
                "CCPA_California": {
                    "compliance_cost": 0.06662295750579789,
                    "risk_level": 0.29807307689627155
                },
                "China_PIPL": {
                    "compliance_cost": 0.09448100576076815,
                    "risk_level": 0.3274210308138762
                }
            }
        },
        "geopolitical_risks": {
            "trade_war_escalation": {
                "probability": 0.6555775397031066,
                "impact_severity": 0.5656810855758405,
                "affected_regions": [
                    "United_States",
                    "Europe"
                ],
                "mitigation_strategies": [
                    "supply_chain_diversification",
                    "local_partnerships"
                ]
            },
            "technology_decoupling": {
                "probability": 0.4362711630182733,
                "impact_severity": 0.4375625553180192,
                "affected_regions": [
                    "United_States"
                ],
                "mitigation_strategies": [
                    "indigenous_innovation",
                    "alternative_suppliers"
                ]
            },
            "sanctions_risk": {
                "probability": 0.33335057589837447,
                "impact_severity": 0.7016944835842527,
                "affected_regions": [
                    "United_States",
                    "Europe"
                ],
                "mitigation_strategies": [
                    "compliance_enhancement",
                    "legal_structuring"
                ]
            },