{
    "timestamp": "2026-03-01T00:00:00",
    "type": "Geopolitical",
    "data": {
        "regional_markets": {
            "China": {
                "market_access": 0.9281011516824252,
                "regulatory_compliance": 0.9947278285815683,
                "local_content_requirement": 0.4,
                "government_support": 0.4245550103055588,
                "political_stability": 0.8037004518430797,
                "trade_barriers": 0.36451413259602206,
                "ev_incentives": 0.9603331109191213,
                "manufacturing_restrictions": 0.2
            },
            "United_States": {
                "market_access": 0.5143807640789244,
                "regulatory_compliance": 0.953923309583873,
                "local_content_requirement": 0.5,
                "government_support": 0.27850074749611425,
                "political_stability": 0.7384480289711532,
                "trade_barriers": 0.737630394849804,
                "ev_incentives": 0.8759556259400677,
                "manufacturing_restrictions": 0.35
            },
            "Europe": {
                "market_access": 0.7962589380665658,
                "regulatory_compliance": 1.0,
                "local_content_requirement": 0.3,
                "government_support": 0.5076732852829166,
                "political_stability": 0.8558261453925411,
                "trade_barriers": 0.4899863564265079,
                "ev_incentives": 0.9957069928977473,
                "manufacturing_restrictions": 0.15
            },
            "Southeast_Asia": {
                "market_access": 0.8327830209247926,
                "regulatory_compliance": 0.9192448899553236,
                "local_content_requirement": 0.25,
                "government_support": 0.35561343413390467,
                "political_stability": 0.60318857550659,
                "trade_barriers": 0.5765085972336591,
                "ev_incentives": 1.0,
                "manufacturing_restrictions": 0.1
            },
            "Latin_America": {
                "market_access": 0.764020432853862,
                "regulatory_compliance": 0.9338108156695097,
                "local_content_requirement": 0.35,
                "government_support": 0.42415796430777863,
                "political_stability": 0.5902245909811002,
                "trade_barriers": 0.6332476915091427,
                "ev_incentives": 0.8304861153315571,
                "manufacturing_restrictions": 0.25
            },
            "Middle_East_Africa": {
                "market_access": 0.4657857134192464,
                "regulatory_compliance": 0.6820812485687822,
                "local_content_requirement": 0.2,
                "government_support": 0.32672197372795375,
                "political_stability": 0.4684357538932332,
                "trade_barriers": 0.6453859731194281,
                "ev_incentives": 0.7694636534230219,
                "manufacturing_restrictions": 0.15
            }
        },
        "trade_policies": {
            "tariffs": {
                "US_Import": 0.31703268886639846,
                "EU_Import": 0.1,
                "ASEAN_Import": 0.05,
                "RCEP_Benefit": -0.08,
                "Belt_Road_Benefit": -0.031538263075755676
            },
            "trade_agreements": {
                "RCEP": {
                    "status": "active",
                    "benefit_level": 0.2670955648072795,
                    "coverage": [
                        "Southeast_Asia",
                        "China"
                    ],
                    "expiry_risk": 0.18653464838552644
                },
                "Belt_Road_Initiative": {
                    "status": "expanding",
                    "benefit_level": 0.32514841375326303,
                    "coverage": [
                        "Middle_East_Africa",
                        "Latin_America",
                        "Southeast_Asia"
                    ],
                    "expiry_risk": 0.1
                },
                "CPTPP_Application": {
                    "status": "active",
                    "benefit_level": 0.2800251933506276,
                    "coverage": [
                        "Latin_America",
                        "Southeast_Asia"
                    ],
                    "approval_probability": 0.35
                }
            },
            "export_controls": {
                "battery_technology": 0.15,
                "semiconductor_chips": 0.25,
                "rare_earth_materials": 0.254709640702719,
                "manufacturing_equipment": 0.1728464163931338
            }
        },
        "regulatory_environment": {
            "emissions_standards": {
                "China_NEV": {
                    "compliance_cost": 0.21254939584747987,
                    "timeline_pressure": 0.9905773640338825
                },
                "EU_Green_Deal": {
                    "compliance_cost": 0.21200816727698724,
                    "timeline_pressure": 1.0
                },
                "US_CAFE": {
                    "compliance_cost": 0.24201631196314402,
                    "timeline_pressure": 0.7316150095844651
                },
                "Global_Paris_Accord": {
                    "compliance_cost": 0.237999114865933,
                    "timeline_pressure": 0.9650208298885798
                }
            },
            "safety_standards": {
                "UN_ECE": {
                    "compliance_level": 0.9779335983411673,
                    "certification_cost": 0.13199521761247382
                },
                "NHTSA": {
                    "compliance_level": 0.9716100137646471,
                    "certification_cost": 0.13975195707283708
                },
                "Euro_NCAP": {
                    "compliance_level": 0.9283474618146194,
                    "certification_cost": 0.13784085575071003
                },
                "China_CNCAP": {
                    "compliance_level": 0.9891497502773547,
                    "certification_cost": 0.12703701022923186
                }
            },
            "data_privacy": {
                "GDPR_Europe": {
                    "compliance_cost": 0.10479699516464051,
                    "risk_level": 0.31619862892249606
                },
                "CCPA_California": {
                    "compliance_cost": 0.09444766976824728,
                    "risk_level": 0.35179978794837136
                },
                "China_PIPL": {
                    "compliance_cost": 0.12,
                    "risk_level": 0.4076533834314731
                }
            }
        },
        "geopolitical_risks": {
            "trade_war_escalation": {
                "probability": 0.7,
                "impact_severity": 0.6348946514990922,
                "affected_regions": [
                    "United_States",
                    "Europe"
                ],
                "mitigation_strategies": [
                    "supply_chain_diversification",
                    "local_partnerships"
                ]
            },
            "technology_decoupling": {
                "probability": 0.43317316322863614,
                "impact_severity": 0.4823471166017489,
                "affected_regions": [
                    "United_States"
                ],
                "mitigation_strategies": [
                    "indigenous_innovation",
                    "alternative_suppliers"
                ]
            },
            "sanctions_risk": {
                "probability": 0.3842548911784194,
                "impact_severity": 0.6933337767090676,
                "affected_regions": [
                    "United_States",
                    "Europe"
                ],
                "mitigation_strategies": [
                    "compliance_enhancement",
                    "legal_structuring"
                ]
            },