{
    "timestamp": "2025-06-01T00:00:00",
    "type": "Geopolitical",
    "data": {
        "regional_markets": {
            "China": {
                "market_access": 0.9711974164228567,
                "regulatory_compliance": 1.0,
                "local_content_requirement": 0.4,
                "government_support": 0.6062551353785094,
                "political_stability": 0.866764547057073,
                "trade_barriers": 0.267048513148475,
                "ev_incentives": 0.8275934619157825,
                "manufacturing_restrictions": 0.2
            },
            "United_States": {
                "market_access": 0.5863746583114199,
                "regulatory_compliance": 0.8600503599538586,
                "local_content_requirement": 0.5,
                "government_support": 0.4621435113519457,
                "political_stability": 0.7540123909839329,
                "trade_barriers": 0.5686331801514213,
                "ev_incentives": 0.640553893701067,
                "manufacturing_restrictions": 0.35
            },
            "Europe": {
                "market_access": 0.8347544724250824,
                "regulatory_compliance": 0.8808661105086075,
                "local_content_requirement": 0.3,
                "government_support": 0.49538262930532717,
                "political_stability": 0.9030973765417339,
                "trade_barriers": 0.3559786115833019,
                "ev_incentives": 0.9850980980506269,
                "manufacturing_restrictions": 0.15
            },
            "Southeast_Asia": {
                "market_access": 0.9469296190934732,
                "regulatory_compliance": 0.8349363538531017,
                "local_content_requirement": 0.25,
                "government_support": 0.6260197597201207,
                "political_stability": 0.6862500995120164,
                "trade_barriers": 0.3332477384922393,
                "ev_incentives": 0.8227438134559241,
                "manufacturing_restrictions": 0.1
            },
            "Latin_America": {
                "market_access": 0.7511655238723802,
                "regulatory_compliance": 0.818869217250699,
                "local_content_requirement": 0.35,
                "government_support": 0.5006297318442818,
                "political_stability": 0.5966202560932614,
                "trade_barriers": 0.4452419678442262,
                "ev_incentives": 0.42461367276152273,
                "manufacturing_restrictions": 0.25
            },
            "Middle_East_Africa": {
                "market_access": 0.6616669892497348,
                "regulatory_compliance": 0.6331837637750332,
                "local_content_requirement": 0.2,
                "government_support": 0.49251912272395015,
                "political_stability": 0.5172436427620022,
                "trade_barriers": 0.3953795907030625,
                "ev_incentives": 0.5685475726929171,
                "manufacturing_restrictions": 0.15
            }
        },
        "trade_policies": {
            "tariffs": {
                "US_Import": 0.25,
                "EU_Import": 0.1,
                "ASEAN_Import": 0.05,
                "RCEP_Benefit": -0.08,
                "Belt_Road_Benefit": -0.12
            },
            "trade_agreements": {
                "RCEP": {
                    "status": "active",
                    "benefit_level": 0.24190795132431075,
                    "coverage": [
                        "Southeast_Asia",
                        "China"
                    ],
                    "expiry_risk": 0.10045476717057283
                },
                "Belt_Road_Initiative": {
                    "status": "expanding",
                    "benefit_level": 0.28578745365315006,
                    "coverage": [
                        "Middle_East_Africa",
                        "Latin_America",
                        "Southeast_Asia"
                    ],
                    "expiry_risk": 0.1
                },
                "CPTPP_Application": {
                    "status": "pending",
                    "benefit_level": 0.29659943253460436,
                    "coverage": [
                        "Latin_America",
                        "Southeast_Asia"
                    ],
                    "approval_probability": 0.35
                }
            },
            "export_controls": {
                "battery_technology": 0.15,
                "semiconductor_chips": 0.25,
                "rare_earth_materials": 0.2,
                "manufacturing_equipment": 0.1
            }
        },
        "regulatory_environment": {
            "emissions_standards": {
                "China_NEV": {
                    "compliance_cost": 0.11607914196932026,
                    "timeline_pressure": 0.7157041723006627
                },
                "EU_Green_Deal": {
                    "compliance_cost": 0.17322482364888606,
                    "timeline_pressure": 1.0
                },
                "US_CAFE": {
                    "compliance_cost": 0.14066722174115917,
                    "timeline_pressure": 0.6866155339202071
                },
                "Global_Paris_Accord": {
                    "compliance_cost": 0.21756891785997173,
                    "timeline_pressure": 0.9051833533918484
                }
            },
            "safety_standards": {
                "UN_ECE": {
                    "compliance_level": 0.926333007765692,
                    "certification_cost": 0.09000018450067511
                },
                "NHTSA": {
                    "compliance_level": 0.8990009768124244,
                    "certification_cost": 0.12895022900729888
                },
                "Euro_NCAP": {
                    "compliance_level": 0.9034680610093094,
                    "certification_cost": 0.09221564947741862
                },
                "China_CNCAP": {
                    "compliance_level": 0.9553805203095546,
                    "certification_cost": 0.0906431482817286
                }
            },
            "data_privacy": {
                "GDPR_Europe": {
                    "compliance_cost": 0.09578586570953707,
                    "risk_level": 0.3378088077988776
                },
                "CCPA_California": {
                    "compliance_cost": 0.07428079915369079,
                    "risk_level": 0.270729748993389
                },
                "China_PIPL": {
                    "compliance_cost": 0.07388372381652857,
                    "risk_level": 0.2834220400726134
                }
            }
        },
        "geopolitical_risks": {
            "trade_war_escalation": {
                "probability": 0.45765712864799557,
                "impact_severity": 0.5175965753766809,
                "affected_regions": [
                    "United_States",
                    "Europe"
                ],
                "mitigation_strategies": [
                    "supply_chain_diversification",
                    "local_partnerships"
                ]
            },
            "technology_decoupling": {
                "probability": 0.4038619750034201,
                "impact_severity": 0.49241065200306866,
                "affected_regions": [
                    "United_States"
                ],
                "mitigation_strategies": [
                    "indigenous_innovation",
                    "alternative_suppliers"
                ]
            },
            "sanctions_risk": {
                "probability": 0.23619711983368663,
                "impact_severity": 0.650591839243154,
                "affected_regions": [
                    "United_States",
                    "Europe"
                ],
                "mitigation_strategies": [
                    "compliance_enhancement",
                    "legal_structuring"
                ]
            },