{
    "timestamp": "2025-12-01T00:00:00",
    "type": "Geopolitical",
    "data": {
        "regional_markets": {
            "China": {
                "market_access": 0.9169752526092336,
                "regulatory_compliance": 1.0,
                "local_content_requirement": 0.4,
                "government_support": 0.4285775415129733,
                "political_stability": 0.8384291913483279,
                "trade_barriers": 0.268994811598435,
                "ev_incentives": 0.9331710479382134,
                "manufacturing_restrictions": 0.2
            },
            "United_States": {
                "market_access": 0.5660654357218919,
                "regulatory_compliance": 0.919041726468701,
                "local_content_requirement": 0.5,
                "government_support": 0.38515093993461896,
                "political_stability": 0.7024751220529271,
                "trade_barriers": 0.7349077849904679,
                "ev_incentives": 0.8070110629645122,
                "manufacturing_restrictions": 0.35
            },
            "Europe": {
                "market_access": 0.8139859044758199,
                "regulatory_compliance": 1.0,
                "local_content_requirement": 0.3,
                "government_support": 0.5185142930146953,
                "political_stability": 0.8868180103718811,
                "trade_barriers": 0.43893540083007865,
                "ev_incentives": 1.0,
                "manufacturing_restrictions": 0.15
            },
            "Southeast_Asia": {
                "market_access": 0.8716211829338489,
                "regulatory_compliance": 0.8776476736911993,
                "local_content_requirement": 0.25,
                "government_support": 0.3669096256220123,
                "political_stability": 0.5852422855197814,
                "trade_barriers": 0.5398001433880006,
                "ev_incentives": 0.9513255602061039,
                "manufacturing_restrictions": 0.1
            },
            "Latin_America": {
                "market_access": 0.7889310564010411,
                "regulatory_compliance": 0.9408851581771913,
                "local_content_requirement": 0.35,
                "government_support": 0.4529574466142372,
                "political_stability": 0.5806513857521367,
                "trade_barriers": 0.5650462752718739,
                "ev_incentives": 0.6215276037501988,
                "manufacturing_restrictions": 0.25
            },
            "Middle_East_Africa": {
                "market_access": 0.5212185784125103,
                "regulatory_compliance": 0.6544944272881769,
                "local_content_requirement": 0.2,
                "government_support": 0.3468925597317578,
                "political_stability": 0.49066332466970136,
                "trade_barriers": 0.560790745585726,
                "ev_incentives": 0.6641780643481459,
                "manufacturing_restrictions": 0.15
            }
        },
        "trade_policies": {
            "tariffs": {
                "US_Import": 0.25,
                "EU_Import": 0.1,
                "ASEAN_Import": 0.05,
                "RCEP_Benefit": -0.08,
                "Belt_Road_Benefit": -0.12
            },
            "trade_agreements": {
                "RCEP": {
                    "status": "active",
                    "benefit_level": 0.2767021617494816,
                    "coverage": [
                        "Southeast_Asia",
                        "China"
                    ],
                    "expiry_risk": 0.169277357868294
                },
                "Belt_Road_Initiative": {
                    "status": "expanding",
                    "benefit_level": 0.3129463893379596,
                    "coverage": [
                        "Middle_East_Africa",
                        "Latin_America",
                        "Southeast_Asia"
                    ],
                    "expiry_risk": 0.1
                },
                "CPTPP_Application": {
                    "status": "pending",
                    "benefit_level": 0.27366008903058103,
                    "coverage": [
                        "Latin_America",
                        "Southeast_Asia"
                    ],
                    "approval_probability": 0.35
                }
            },
            "export_controls": {
                "battery_technology": 0.15,
                "semiconductor_chips": 0.25,
                "rare_earth_materials": 0.254709640702719,
                "manufacturing_equipment": 0.1728464163931338
            }
        },
        "regulatory_environment": {
            "emissions_standards": {
                "China_NEV": {
                    "compliance_cost": 0.18131118636242516,
                    "timeline_pressure": 0.8103220466372295
                },
                "EU_Green_Deal": {
                    "compliance_cost": 0.2336406517853487,
                    "timeline_pressure": 1.0
                },
                "US_CAFE": {
                    "compliance_cost": 0.22743400921202328,
                    "timeline_pressure": 0.7260170118376512
                },
                "Global_Paris_Accord": {
                    "compliance_cost": 0.25,
                    "timeline_pressure": 0.9591320358104632
                }
            },
            "safety_standards": {
                "UN_ECE": {
                    "compliance_level": 0.9513409412645476,
                    "certification_cost": 0.13214943306017465
                },
                "NHTSA": {
                    "compliance_level": 0.9662239796866022,
                    "certification_cost": 0.12232482107061386
                },
                "Euro_NCAP": {
                    "compliance_level": 0.9253976568513015,
                    "certification_cost": 0.1388568432065378
                },
                "China_CNCAP": {
                    "compliance_level": 1.0,
                    "certification_cost": 0.11438282937767034
                }
            },
            "data_privacy": {
                "GDPR_Europe": {
                    "compliance_cost": 0.11374671958491914,
                    "risk_level": 0.33667276649057576
                },
                "CCPA_California": {
                    "compliance_cost": 0.0647363734673832,
                    "risk_level": 0.2983387416503312
                },
                "China_PIPL": {
                    "compliance_cost": 0.10706680612091846,
                    "risk_level": 0.3583872667889959
                }
            }
        },
        "geopolitical_risks": {
            "trade_war_escalation": {
                "probability": 0.6454015383929174,
                "impact_severity": 0.5704707410195301,
                "affected_regions": [
                    "United_States",
                    "Europe"
                ],
                "mitigation_strategies": [
                    "supply_chain_diversification",
                    "local_partnerships"
                ]
            },
            "technology_decoupling": {
                "probability": 0.4383936326033184,
                "impact_severity": 0.44450226698687706,
                "affected_regions": [
                    "United_States"
                ],
                "mitigation_strategies": [
                    "indigenous_innovation",
                    "alternative_suppliers"
                ]
            },
            "sanctions_risk": {
                "probability": 0.34526749094626563,
                "impact_severity": 0.7285938168174266,
                "affected_regions": [
                    "United_States",
                    "Europe"
                ],
                "mitigation_strategies": [
                    "compliance_enhancement",
                    "legal_structuring"
                ]
            },