{
    "timestamp": "2027-02-01T00:00:00",
    "type": "Geopolitical",
    "data": {
        "regional_markets": {
            "China": {
                "market_access": 0.6996303776803541,
                "regulatory_compliance": 0.9972711552834966,
                "local_content_requirement": 0.4,
                "government_support": 0.255511685530831,
                "political_stability": 0.7061421634968815,
                "trade_barriers": 0.5673777008342874,
                "ev_incentives": 1.0,
                "manufacturing_restrictions": 0.2
            },
            "United_States": {
                "market_access": 0.4272609083420466,
                "regulatory_compliance": 1.0,
                "local_content_requirement": 0.5,
                "government_support": 0.10648507656357212,
                "political_stability": 0.7321675879868214,
                "trade_barriers": 0.8,
                "ev_incentives": 0.9988229593756963,
                "manufacturing_restrictions": 0.35
            },
            "Europe": {
                "market_access": 0.9163621801425152,
                "regulatory_compliance": 0.9890976741458911,
                "local_content_requirement": 0.3,
                "government_support": 0.4793734989389197,
                "political_stability": 0.8457439264038099,
                "trade_barriers": 0.5832060377161425,
                "ev_incentives": 0.9522005972520631,
                "manufacturing_restrictions": 0.15
            },
            "Southeast_Asia": {
                "market_access": 0.7113201110902909,
                "regulatory_compliance": 1.0,
                "local_content_requirement": 0.25,
                "government_support": 0.32778230865690205,
                "political_stability": 0.47821582909010807,
                "trade_barriers": 0.8,
                "ev_incentives": 0.9519764039908251,
                "manufacturing_restrictions": 0.1
            },
            "Latin_America": {
                "market_access": 0.7106075863992874,
                "regulatory_compliance": 0.9892626692911357,
                "local_content_requirement": 0.35,
                "government_support": 0.44548543837739024,
                "political_stability": 0.5181342538251941,
                "trade_barriers": 0.8,
                "ev_incentives": 1.0,
                "manufacturing_restrictions": 0.25
            },
            "Middle_East_Africa": {
                "market_access": 0.3360218355868739,
                "regulatory_compliance": 0.8885269810075819,
                "local_content_requirement": 0.2,
                "government_support": 0.3322392105465397,
                "political_stability": 0.46028762087478636,
                "trade_barriers": 0.6921548962919949,
                "ev_incentives": 0.7951034867449834,
                "manufacturing_restrictions": 0.15
            }
        },
        "trade_policies": {
            "tariffs": {
                "US_Import": 0.31703268886639846,
                "EU_Import": 0.053759161033906405,
                "ASEAN_Import": 0.08662398033620024,
                "RCEP_Benefit": 0.15008082685368762,
                "Belt_Road_Benefit": 0.08012848691335948
            },
            "trade_agreements": {
                "RCEP": {
                    "status": "active",
                    "benefit_level": 0.33208923795699613,
                    "coverage": [
                        "Southeast_Asia",
                        "China"
                    ],
                    "expiry_risk": 0.2444194831416422
                },
                "Belt_Road_Initiative": {
                    "status": "expanding",
                    "benefit_level": 0.257329750365165,
                    "coverage": [
                        "Middle_East_Africa",
                        "Latin_America",
                        "Southeast_Asia"
                    ],
                    "expiry_risk": 0.1
                },
                "CPTPP_Application": {
                    "status": "active",
                    "benefit_level": 0.44724914372406716,
                    "coverage": [
                        "Latin_America",
                        "Southeast_Asia"
                    ],
                    "approval_probability": 0.35
                }
            },
            "export_controls": {
                "battery_technology": 0.15,
                "semiconductor_chips": 0.2859477297061664,
                "rare_earth_materials": 0.30259540019834513,
                "manufacturing_equipment": 0.18047687943177093
            }
        },
        "regulatory_environment": {
            "emissions_standards": {
                "China_NEV": {
                    "compliance_cost": 0.25,
                    "timeline_pressure": 0.9761220418683944
                },
                "EU_Green_Deal": {
                    "compliance_cost": 0.2445232751370699,
                    "timeline_pressure": 0.9694213291829261
                },
                "US_CAFE": {
                    "compliance_cost": 0.23931337370359715,
                    "timeline_pressure": 0.905643234838652
                },
                "Global_Paris_Accord": {
                    "compliance_cost": 0.25,
                    "timeline_pressure": 1.0
                }
            },
            "safety_standards": {
                "UN_ECE": {
                    "compliance_level": 1.0,
                    "certification_cost": 0.15
                },
                "NHTSA": {
                    "compliance_level": 1.0,
                    "certification_cost": 0.147253594663226
                },
                "Euro_NCAP": {
                    "compliance_level": 0.9904461172901772,
                    "certification_cost": 0.1477558406660556
                },
                "China_CNCAP": {
                    "compliance_level": 1.0,
                    "certification_cost": 0.15
                }
            },
            "data_privacy": {
                "GDPR_Europe": {
                    "compliance_cost": 0.12,
                    "risk_level": 0.39933880205860717
                },
                "CCPA_California": {
                    "compliance_cost": 0.11637848849116089,
                    "risk_level": 0.526060378379193
                },
                "China_PIPL": {
                    "compliance_cost": 0.07199392294173199,
                    "risk_level": 0.48565602754787907
                }
            }
        },
        "geopolitical_risks": {
            "trade_war_escalation": {
                "probability": 0.7,
                "impact_severity": 0.6479492507449665,
                "affected_regions": [
                    "United_States",
                    "Europe"
                ],
                "mitigation_strategies": [
                    "supply_chain_diversification",
                    "local_partnerships"
                ]
            },
            "technology_decoupling": {
                "probability": 0.6817617161511914,
                "impact_severity": 0.6817924081762616,
                "affected_regions": [
                    "United_States"
                ],
                "mitigation_strategies": [
                    "indigenous_innovation",
                    "alternative_suppliers"
                ]
            },
            "sanctions_risk": {
                "probability": 0.599141005488201,
                "impact_severity": 0.8,
                "affected_regions": [
                    "United_States",
                    "Europe"
                ],
                "mitigation_strategies": [
                    "compliance_enhancement",
                    "legal_structuring"
                ]
            },
            "supply_chain_disruption": {
                "probability": 0.6112515041315945,
                "impact_severity": 0.25597072159377193,