{
    "timestamp": "2027-03-01T00:00:00",
    "type": "Geopolitical",
    "data": {
        "regional_markets": {
            "China": {
                "market_access": 0.6563203242870865,
                "regulatory_compliance": 0.989922171513878,
                "local_content_requirement": 0.4,
                "government_support": 0.2079100947112227,
                "political_stability": 0.6949316929661438,
                "trade_barriers": 0.5889836922827183,
                "ev_incentives": 1.0,
                "manufacturing_restrictions": 0.2
            },
            "United_States": {
                "market_access": 0.42485341664358234,
                "regulatory_compliance": 0.9875724128988388,
                "local_content_requirement": 0.5,
                "government_support": 0.11881984252836542,
                "political_stability": 0.7437752031084577,
                "trade_barriers": 0.8,
                "ev_incentives": 1.0,
                "manufacturing_restrictions": 0.35
            },
            "Europe": {
                "market_access": 0.8856727650270739,
                "regulatory_compliance": 0.9822891061665548,
                "local_content_requirement": 0.3,
                "government_support": 0.4993409248415121,
                "political_stability": 0.8258160950775012,
                "trade_barriers": 0.6214923736549929,
                "ev_incentives": 0.9627586879800378,
                "manufacturing_restrictions": 0.15
            },
            "Southeast_Asia": {
                "market_access": 0.7293662149341951,
                "regulatory_compliance": 1.0,
                "local_content_requirement": 0.25,
                "government_support": 0.26178880064099347,
                "political_stability": 0.44922638658423464,
                "trade_barriers": 0.8,
                "ev_incentives": 1.0,
                "manufacturing_restrictions": 0.1
            },
            "Latin_America": {
                "market_access": 0.7014046790482017,
                "regulatory_compliance": 1.0,
                "local_content_requirement": 0.35,
                "government_support": 0.47968145371410786,
                "political_stability": 0.5129003942496503,
                "trade_barriers": 0.8,
                "ev_incentives": 1.0,
                "manufacturing_restrictions": 0.25
            },
            "Middle_East_Africa": {
                "market_access": 0.30896756583081425,
                "regulatory_compliance": 0.8984850322199489,
                "local_content_requirement": 0.2,
                "government_support": 0.28915827666139143,
                "political_stability": 0.451106298461597,
                "trade_barriers": 0.7326608234410896,
                "ev_incentives": 0.8317034423007387,
                "manufacturing_restrictions": 0.15
            }
        },
        "trade_policies": {
            "tariffs": {
                "US_Import": 0.31703268886639846,
                "EU_Import": 0.053759161033906405,
                "ASEAN_Import": 0.1640613470015689,
                "RCEP_Benefit": 0.15008082685368762,
                "Belt_Road_Benefit": 0.08012848691335948
            },
            "trade_agreements": {
                "RCEP": {
                    "status": "active",
                    "benefit_level": 0.3425520858657478,
                    "coverage": [
                        "Southeast_Asia",
                        "China"
                    ],
                    "expiry_risk": 0.2612542457663585
                },
                "Belt_Road_Initiative": {
                    "status": "expanding",
                    "benefit_level": 0.28286608812972364,
                    "coverage": [
                        "Middle_East_Africa",
                        "Latin_America",
                        "Southeast_Asia"
                    ],
                    "expiry_risk": 0.1
                },
                "CPTPP_Application": {
                    "status": "active",
                    "benefit_level": 0.4676071775974411,
                    "coverage": [
                        "Latin_America",
                        "Southeast_Asia"
                    ],
                    "approval_probability": 0.35
                }
            },
            "export_controls": {
                "battery_technology": 0.15,
                "semiconductor_chips": 0.2859477297061664,
                "rare_earth_materials": 0.30259540019834513,
                "manufacturing_equipment": 0.18047687943177093
            }
        },
        "regulatory_environment": {
            "emissions_standards": {
                "China_NEV": {
                    "compliance_cost": 0.25,
                    "timeline_pressure": 0.9910838792307919
                },
                "EU_Green_Deal": {
                    "compliance_cost": 0.25,
                    "timeline_pressure": 0.9746826894273783
                },
                "US_CAFE": {
                    "compliance_cost": 0.25,
                    "timeline_pressure": 0.9057014131656655
                },
                "Global_Paris_Accord": {
                    "compliance_cost": 0.25,
                    "timeline_pressure": 1.0
                }
            },
            "safety_standards": {
                "UN_ECE": {
                    "compliance_level": 1.0,
                    "certification_cost": 0.15
                },
                "NHTSA": {
                    "compliance_level": 0.9973395483332614,
                    "certification_cost": 0.1448539934013436
                },
                "Euro_NCAP": {
                    "compliance_level": 1.0,
                    "certification_cost": 0.15
                },
                "China_CNCAP": {
                    "compliance_level": 1.0,
                    "certification_cost": 0.15
                }
            },
            "data_privacy": {
                "GDPR_Europe": {
                    "compliance_cost": 0.12,
                    "risk_level": 0.40816803565212645
                },
                "CCPA_California": {
                    "compliance_cost": 0.12,
                    "risk_level": 0.5221555032310997
                },
                "China_PIPL": {
                    "compliance_cost": 0.08492630121824829,
                    "risk_level": 0.4803186155704006
                }
            }
        },
        "geopolitical_risks": {
            "trade_war_escalation": {
                "probability": 0.6978575981173893,
                "impact_severity": 0.6383808039343462,
                "affected_regions": [
                    "United_States",
                    "Europe"
                ],
                "mitigation_strategies": [
                    "supply_chain_diversification",
                    "local_partnerships"
                ]
            },
            "technology_decoupling": {
                "probability": 0.657849281146616,
                "impact_severity": 0.6668181696008116,
                "affected_regions": [
                    "United_States"
                ],
                "mitigation_strategies": [
                    "indigenous_innovation",
                    "alternative_suppliers"
                ]
            },
            "sanctions_risk": {
                "probability": 0.6109856516856914,
                "impact_severity": 0.7772434271601725,
                "affected_regions": [
                    "United_States",
                    "Europe"
                ],
                "mitigation_strategies": [
                    "compliance_enhancement",
                    "legal_structuring"
                ]
            },
            "supply_chain_disruption": {
                "probability": 0.6710199401455486,
                "impact_severity": 0.2505629248163245,