{
    "timestamp": "2026-09-01T00:00:00",
    "type": "Geopolitical",
    "data": {
        "regional_markets": {
            "China": {
                "market_access": 0.8044991416988968,
                "regulatory_compliance": 0.9696791299988404,
                "local_content_requirement": 0.4,
                "government_support": 0.2856019509403683,
                "political_stability": 0.7583161561828038,
                "trade_barriers": 0.4776072597078267,
                "ev_incentives": 0.9932930449226954,
                "manufacturing_restrictions": 0.2
            },
            "United_States": {
                "market_access": 0.4751895318193864,
                "regulatory_compliance": 0.9814793727640342,
                "local_content_requirement": 0.5,
                "government_support": 0.16233100938977618,
                "political_stability": 0.7272078504820814,
                "trade_barriers": 0.7758892389266713,
                "ev_incentives": 0.9788020680289652,
                "manufacturing_restrictions": 0.35
            },
            "Europe": {
                "market_access": 0.8549910576686779,
                "regulatory_compliance": 0.9998408649880293,
                "local_content_requirement": 0.3,
                "government_support": 0.5212640933572603,
                "political_stability": 0.8401875222417415,
                "trade_barriers": 0.527381601192872,
                "ev_incentives": 0.9580604910283835,
                "manufacturing_restrictions": 0.15
            },
            "Southeast_Asia": {
                "market_access": 0.7124163170495083,
                "regulatory_compliance": 0.9671494694830934,
                "local_content_requirement": 0.25,
                "government_support": 0.3449772279053342,
                "political_stability": 0.5071459168815903,
                "trade_barriers": 0.666159941221717,
                "ev_incentives": 0.9872942359819208,
                "manufacturing_restrictions": 0.1
            },
            "Latin_America": {
                "market_access": 0.6730777229833466,
                "regulatory_compliance": 0.9977613580479434,
                "local_content_requirement": 0.35,
                "government_support": 0.37578614066970023,
                "political_stability": 0.5418900466018977,
                "trade_barriers": 0.7097808323610237,
                "ev_incentives": 0.9663034581422895,
                "manufacturing_restrictions": 0.25
            },
            "Middle_East_Africa": {
                "market_access": 0.40434306437080614,
                "regulatory_compliance": 0.7755857812289343,
                "local_content_requirement": 0.2,
                "government_support": 0.40221534919808133,
                "political_stability": 0.4548102820728436,
                "trade_barriers": 0.7119339889805519,
                "ev_incentives": 0.8267238386530119,
                "manufacturing_restrictions": 0.15
            }
        },
        "trade_policies": {
            "tariffs": {
                "US_Import": 0.31703268886639846,
                "EU_Import": 0.053759161033906405,
                "ASEAN_Import": 0.05,
                "RCEP_Benefit": 0.07776723775367304,
                "Belt_Road_Benefit": 0.03356831793169207
            },
            "trade_agreements": {
                "RCEP": {
                    "status": "active",
                    "benefit_level": 0.3137527820273397,
                    "coverage": [
                        "Southeast_Asia",
                        "China"
                    ],
                    "expiry_risk": 0.21471695434166757
                },
                "Belt_Road_Initiative": {
                    "status": "expanding",
                    "benefit_level": 0.3007998822371159,
                    "coverage": [
                        "Middle_East_Africa",
                        "Latin_America",
                        "Southeast_Asia"
                    ],
                    "expiry_risk": 0.1
                },
                "CPTPP_Application": {
                    "status": "active",
                    "benefit_level": 0.33724212021566885,
                    "coverage": [
                        "Latin_America",
                        "Southeast_Asia"
                    ],
                    "approval_probability": 0.35
                }
            },
            "export_controls": {
                "battery_technology": 0.15,
                "semiconductor_chips": 0.2859477297061664,
                "rare_earth_materials": 0.254709640702719,
                "manufacturing_equipment": 0.18047687943177093
            }
        },
        "regulatory_environment": {
            "emissions_standards": {
                "China_NEV": {
                    "compliance_cost": 0.25,
                    "timeline_pressure": 1.0
                },
                "EU_Green_Deal": {
                    "compliance_cost": 0.25,
                    "timeline_pressure": 1.0
                },
                "US_CAFE": {
                    "compliance_cost": 0.25,
                    "timeline_pressure": 0.8655012679495449
                },
                "Global_Paris_Accord": {
                    "compliance_cost": 0.2455070936408147,
                    "timeline_pressure": 0.9612487611216599
                }
            },
            "safety_standards": {
                "UN_ECE": {
                    "compliance_level": 1.0,
                    "certification_cost": 0.1494739666754865
                },
                "NHTSA": {
                    "compliance_level": 0.9649076374579986,
                    "certification_cost": 0.14876462399290025
                },
                "Euro_NCAP": {
                    "compliance_level": 0.976580789972692,
                    "certification_cost": 0.15
                },
                "China_CNCAP": {
                    "compliance_level": 1.0,
                    "certification_cost": 0.15
                }
            },
            "data_privacy": {
                "GDPR_Europe": {
                    "compliance_cost": 0.11685377764574754,
                    "risk_level": 0.35119751893944534
                },
                "CCPA_California": {
                    "compliance_cost": 0.11992436577467792,
                    "risk_level": 0.4818451949361999
                },
                "China_PIPL": {
                    "compliance_cost": 0.09228185409433716,
                    "risk_level": 0.43471192554742366
                }
            }
        },
        "geopolitical_risks": {
            "trade_war_escalation": {
                "probability": 0.6509951391201215,
                "impact_severity": 0.6768931913773484,
                "affected_regions": [
                    "United_States",
                    "Europe"
                ],
                "mitigation_strategies": [
                    "supply_chain_diversification",
                    "local_partnerships"
                ]
            },
            "technology_decoupling": {
                "probability": 0.5589566477142093,
                "impact_severity": 0.6010846748910685,
                "affected_regions": [
                    "United_States"
                ],
                "mitigation_strategies": [
                    "indigenous_innovation",
                    "alternative_suppliers"
                ]
            },
            "sanctions_risk": {
                "probability": 0.5502503556612164,
                "impact_severity": 0.7700556038138986,
                "affected_regions": [
                    "United_States",
                    "Europe"
                ],
                "mitigation_strategies": [
                    "compliance_enhancement",
                    "legal_structuring"
                ]
            },