{
    "timestamp": "2027-08-01T00:00:00",
    "type": "Geopolitical",
    "data": {
        "regional_markets": {
            "China": {
                "market_access": 0.6225080656590607,
                "regulatory_compliance": 1.0,
                "local_content_requirement": 0.4,
                "government_support": 0.20146172724679276,
                "political_stability": 0.6722310176928968,
                "trade_barriers": 0.7057375516400096,
                "ev_incentives": 1.0,
                "manufacturing_restrictions": 0.2
            },
            "United_States": {
                "market_access": 0.4743368958048339,
                "regulatory_compliance": 1.0,
                "local_content_requirement": 0.5,
                "government_support": 0.11011499749688922,
                "political_stability": 0.673742710903824,
                "trade_barriers": 0.8,
                "ev_incentives": 0.9957710497426376,
                "manufacturing_restrictions": 0.35
            },
            "Europe": {
                "market_access": 0.9104892462033867,
                "regulatory_compliance": 1.0,
                "local_content_requirement": 0.3,
                "government_support": 0.30580688686912505,
                "political_stability": 0.8176979459948283,
                "trade_barriers": 0.6936645875736728,
                "ev_incentives": 0.9367280754656965,
                "manufacturing_restrictions": 0.15
            },
            "Southeast_Asia": {
                "market_access": 0.6530113182282852,
                "regulatory_compliance": 0.9661177232186139,
                "local_content_requirement": 0.25,
                "government_support": 0.24931167197540904,
                "political_stability": 0.41190888980001583,
                "trade_barriers": 0.8,
                "ev_incentives": 0.945205022972084,
                "manufacturing_restrictions": 0.1
            },
            "Latin_America": {
                "market_access": 0.6047707524908869,
                "regulatory_compliance": 0.9878094553007081,
                "local_content_requirement": 0.35,
                "government_support": 0.16757553946677817,
                "political_stability": 0.43524527105804567,
                "trade_barriers": 0.8,
                "ev_incentives": 0.963109917670328,
                "manufacturing_restrictions": 0.25
            },
            "Middle_East_Africa": {
                "market_access": 0.25704583358722183,
                "regulatory_compliance": 0.964395031846442,
                "local_content_requirement": 0.2,
                "government_support": 0.34590460155375935,
                "political_stability": 0.43613483033823436,
                "trade_barriers": 0.7718485581819315,
                "ev_incentives": 0.9399728128267217,
                "manufacturing_restrictions": 0.15
            }
        },
        "trade_policies": {
            "tariffs": {
                "US_Import": 0.403183295611138,
                "EU_Import": 0.053759161033906405,
                "ASEAN_Import": 0.16185792119000308,
                "RCEP_Benefit": 0.15008082685368762,
                "Belt_Road_Benefit": 0.12606018404253366
            },
            "trade_agreements": {
                "RCEP": {
                    "status": "active",
                    "benefit_level": 0.3569730856616782,
                    "coverage": [
                        "Southeast_Asia",
                        "China"
                    ],
                    "expiry_risk": 0.2853701093029448
                },
                "Belt_Road_Initiative": {
                    "status": "expanding",
                    "benefit_level": 0.3426250808474241,
                    "coverage": [
                        "Middle_East_Africa",
                        "Latin_America",
                        "Southeast_Asia"
                    ],
                    "expiry_risk": 0.1
                },
                "CPTPP_Application": {
                    "status": "active",
                    "benefit_level": 0.4326097232528342,
                    "coverage": [
                        "Latin_America",
                        "Southeast_Asia"
                    ],
                    "approval_probability": 0.35
                }
            },
            "export_controls": {
                "battery_technology": 0.15,
                "semiconductor_chips": 0.2859477297061664,
                "rare_earth_materials": 0.3368070210482552,
                "manufacturing_equipment": 0.18047687943177093
            }
        },
        "regulatory_environment": {
            "emissions_standards": {
                "China_NEV": {
                    "compliance_cost": 0.25,
                    "timeline_pressure": 1.0
                },
                "EU_Green_Deal": {
                    "compliance_cost": 0.25,
                    "timeline_pressure": 0.9958891338036919
                },
                "US_CAFE": {
                    "compliance_cost": 0.25,
                    "timeline_pressure": 1.0
                },
                "Global_Paris_Accord": {
                    "compliance_cost": 0.25,
                    "timeline_pressure": 0.9784419658924276
                }
            },
            "safety_standards": {
                "UN_ECE": {
                    "compliance_level": 0.9960462906694566,
                    "certification_cost": 0.15
                },
                "NHTSA": {
                    "compliance_level": 0.995634838533024,
                    "certification_cost": 0.14996953640301328
                },
                "Euro_NCAP": {
                    "compliance_level": 0.989438142949756,
                    "certification_cost": 0.14164742182820278
                },
                "China_CNCAP": {
                    "compliance_level": 1.0,
                    "certification_cost": 0.15
                }
            },
            "data_privacy": {
                "GDPR_Europe": {
                    "compliance_cost": 0.12,
                    "risk_level": 0.34798845338071677
                },
                "CCPA_California": {
                    "compliance_cost": 0.12,
                    "risk_level": 0.6
                },
                "China_PIPL": {
                    "compliance_cost": 0.09304220776036139,
                    "risk_level": 0.5461865437960235
                }
            }
        },
        "geopolitical_risks": {
            "trade_war_escalation": {
                "probability": 0.7,
                "impact_severity": 0.7182861316947735,
                "affected_regions": [
                    "United_States",
                    "Europe"
                ],
                "mitigation_strategies": [
                    "supply_chain_diversification",
                    "local_partnerships"
                ]
            },
            "technology_decoupling": {
                "probability": 0.6854476084785951,
                "impact_severity": 0.6852863470703664,
                "affected_regions": [
                    "United_States"
                ],
                "mitigation_strategies": [
                    "indigenous_innovation",
                    "alternative_suppliers"
                ]
            },
            "sanctions_risk": {
                "probability": 0.6895219988406546,
                "impact_severity": 0.7938774036866542,
                "affected_regions": [
                    "United_States",
                    "Europe"
                ],
                "mitigation_strategies": [
                    "compliance_enhancement",
                    "legal_structuring"
                ]
            },
            "supply_chain_disruption": {
                "probability": 0.7,
                "impact_severity": 0.2899878087767493,