{
    "timestamp": "2027-05-01T00:00:00",
    "type": "Geopolitical",
    "data": {
        "regional_markets": {
            "China": {
                "market_access": 0.6360044542879512,
                "regulatory_compliance": 1.0,
                "local_content_requirement": 0.4,
                "government_support": 0.2363460902655811,
                "political_stability": 0.6478624952911172,
                "trade_barriers": 0.6443894968671506,
                "ev_incentives": 1.0,
                "manufacturing_restrictions": 0.2
            },
            "United_States": {
                "market_access": 0.43736972420524356,
                "regulatory_compliance": 1.0,
                "local_content_requirement": 0.5,
                "government_support": 0.1,
                "political_stability": 0.7276878976593445,
                "trade_barriers": 0.8,
                "ev_incentives": 1.0,
                "manufacturing_restrictions": 0.35
            },
            "Europe": {
                "market_access": 0.8773206374784694,
                "regulatory_compliance": 0.9921504619454549,
                "local_content_requirement": 0.3,
                "government_support": 0.35580530783005865,
                "political_stability": 0.7967010343762134,
                "trade_barriers": 0.6523963673895719,
                "ev_incentives": 0.9820991876391534,
                "manufacturing_restrictions": 0.15
            },
            "Southeast_Asia": {
                "market_access": 0.7123065325124087,
                "regulatory_compliance": 0.978521473430743,
                "local_content_requirement": 0.25,
                "government_support": 0.21745226572703114,
                "political_stability": 0.45893965979822887,
                "trade_barriers": 0.8,
                "ev_incentives": 0.9239611082299397,
                "manufacturing_restrictions": 0.1
            },
            "Latin_America": {
                "market_access": 0.6476945962360285,
                "regulatory_compliance": 0.9814775524503968,
                "local_content_requirement": 0.35,
                "government_support": 0.3520947518127775,
                "political_stability": 0.4845909087452964,
                "trade_barriers": 0.8,
                "ev_incentives": 0.972263463450098,
                "manufacturing_restrictions": 0.25
            },
            "Middle_East_Africa": {
                "market_access": 0.2695426530741508,
                "regulatory_compliance": 0.90361045731432,
                "local_content_requirement": 0.2,
                "government_support": 0.29961905578025827,
                "political_stability": 0.4601785801863388,
                "trade_barriers": 0.7545495131678639,
                "ev_incentives": 0.7946123469124862,
                "manufacturing_restrictions": 0.15
            }
        },
        "trade_policies": {
            "tariffs": {
                "US_Import": 0.31703268886639846,
                "EU_Import": 0.053759161033906405,
                "ASEAN_Import": 0.17399389457316156,
                "RCEP_Benefit": 0.15008082685368762,
                "Belt_Road_Benefit": 0.08012848691335948
            },
            "trade_agreements": {
                "RCEP": {
                    "status": "active",
                    "benefit_level": 0.3565229672892351,
                    "coverage": [
                        "Southeast_Asia",
                        "China"
                    ],
                    "expiry_risk": 0.2735303897230961
                },
                "Belt_Road_Initiative": {
                    "status": "expanding",
                    "benefit_level": 0.29213841699648385,
                    "coverage": [
                        "Middle_East_Africa",
                        "Latin_America",
                        "Southeast_Asia"
                    ],
                    "expiry_risk": 0.1
                },
                "CPTPP_Application": {
                    "status": "active",
                    "benefit_level": 0.4582786054879454,
                    "coverage": [
                        "Latin_America",
                        "Southeast_Asia"
                    ],
                    "approval_probability": 0.35
                }
            },
            "export_controls": {
                "battery_technology": 0.15,
                "semiconductor_chips": 0.2859477297061664,
                "rare_earth_materials": 0.30259540019834513,
                "manufacturing_equipment": 0.18047687943177093
            }
        },
        "regulatory_environment": {
            "emissions_standards": {
                "China_NEV": {
                    "compliance_cost": 0.25,
                    "timeline_pressure": 1.0
                },
                "EU_Green_Deal": {
                    "compliance_cost": 0.25,
                    "timeline_pressure": 0.9584124182524472
                },
                "US_CAFE": {
                    "compliance_cost": 0.25,
                    "timeline_pressure": 1.0
                },
                "Global_Paris_Accord": {
                    "compliance_cost": 0.25,
                    "timeline_pressure": 1.0
                }
            },
            "safety_standards": {
                "UN_ECE": {
                    "compliance_level": 1.0,
                    "certification_cost": 0.14524206080500177
                },
                "NHTSA": {
                    "compliance_level": 0.9810924086433048,
                    "certification_cost": 0.14842254973720892
                },
                "Euro_NCAP": {
                    "compliance_level": 0.9947636530011874,
                    "certification_cost": 0.15
                },
                "China_CNCAP": {
                    "compliance_level": 0.9951630937584941,
                    "certification_cost": 0.15
                }
            },
            "data_privacy": {
                "GDPR_Europe": {
                    "compliance_cost": 0.11165271771523168,
                    "risk_level": 0.3682147549794273
                },
                "CCPA_California": {
                    "compliance_cost": 0.12,
                    "risk_level": 0.5876186601872067
                },
                "China_PIPL": {
                    "compliance_cost": 0.10012814930153344,
                    "risk_level": 0.5653021677463339
                }
            }
        },
        "geopolitical_risks": {
            "trade_war_escalation": {
                "probability": 0.6764943515227766,
                "impact_severity": 0.6460200475607295,
                "affected_regions": [
                    "United_States",
                    "Europe"
                ],
                "mitigation_strategies": [
                    "supply_chain_diversification",
                    "local_partnerships"
                ]
            },
            "technology_decoupling": {
                "probability": 0.7,
                "impact_severity": 0.6775415721857272,
                "affected_regions": [
                    "United_States"
                ],
                "mitigation_strategies": [
                    "indigenous_innovation",
                    "alternative_suppliers"
                ]
            },
            "sanctions_risk": {
                "probability": 0.6799290024502702,
                "impact_severity": 0.7976115196298904,
                "affected_regions": [
                    "United_States",
                    "Europe"
                ],
                "mitigation_strategies": [
                    "compliance_enhancement",
                    "legal_structuring"
                ]
            },
            "supply_chain_disruption": {
                "probability": 0.7,
                "impact_severity": 0.23240717936841798,