{
    "timestamp": "2027-10-01T00:00:00",
    "type": "Geopolitical",
    "data": {
        "regional_markets": {
            "China": {
                "market_access": 0.5670416337909365,
                "regulatory_compliance": 1.0,
                "local_content_requirement": 0.4,
                "government_support": 0.21392766565002003,
                "political_stability": 0.6460580369901526,
                "trade_barriers": 0.7206246467797884,
                "ev_incentives": 0.9732854080888105,
                "manufacturing_restrictions": 0.2
            },
            "United_States": {
                "market_access": 0.5054120005334843,
                "regulatory_compliance": 1.0,
                "local_content_requirement": 0.5,
                "government_support": 0.14203402302827406,
                "political_stability": 0.642754454705988,
                "trade_barriers": 0.8,
                "ev_incentives": 1.0,
                "manufacturing_restrictions": 0.35
            },
            "Europe": {
                "market_access": 0.8991029698758551,
                "regulatory_compliance": 1.0,
                "local_content_requirement": 0.3,
                "government_support": 0.3147549786754106,
                "political_stability": 0.828465182470038,
                "trade_barriers": 0.770502797330275,
                "ev_incentives": 0.9491077622206266,
                "manufacturing_restrictions": 0.15
            },
            "Southeast_Asia": {
                "market_access": 0.6977977748383601,
                "regulatory_compliance": 1.0,
                "local_content_requirement": 0.25,
                "government_support": 0.3047341594467565,
                "political_stability": 0.38703631246895503,
                "trade_barriers": 0.8,
                "ev_incentives": 0.8859035833990547,
                "manufacturing_restrictions": 0.1
            },
            "Latin_America": {
                "market_access": 0.5857625189078366,
                "regulatory_compliance": 1.0,
                "local_content_requirement": 0.35,
                "government_support": 0.12646362381860726,
                "political_stability": 0.44184689677684985,
                "trade_barriers": 0.8,
                "ev_incentives": 0.9884139308494785,
                "manufacturing_restrictions": 0.25
            },
            "Middle_East_Africa": {
                "market_access": 0.30949424573559337,
                "regulatory_compliance": 0.9788794170681879,
                "local_content_requirement": 0.2,
                "government_support": 0.21961677450866215,
                "political_stability": 0.4033061759094961,
                "trade_barriers": 0.7845309099198462,
                "ev_incentives": 0.9066852790038604,
                "manufacturing_restrictions": 0.15
            }
        },
        "trade_policies": {
            "tariffs": {
                "US_Import": 0.403183295611138,
                "EU_Import": 0.053759161033906405,
                "ASEAN_Import": 0.16185792119000308,
                "RCEP_Benefit": 0.1390031817725331,
                "Belt_Road_Benefit": 0.08180071137939629
            },
            "trade_agreements": {
                "RCEP": {
                    "status": "active",
                    "benefit_level": 0.33304028890760334,
                    "coverage": [
                        "Southeast_Asia",
                        "China"
                    ],
                    "expiry_risk": 0.3
                },
                "Belt_Road_Initiative": {
                    "status": "expanding",
                    "benefit_level": 0.3504945109533161,
                    "coverage": [
                        "Middle_East_Africa",
                        "Latin_America",
                        "Southeast_Asia"
                    ],
                    "expiry_risk": 0.1
                },
                "CPTPP_Application": {
                    "status": "active",
                    "benefit_level": 0.4123940330230007,
                    "coverage": [
                        "Latin_America",
                        "Southeast_Asia"
                    ],
                    "approval_probability": 0.35
                }
            },
            "export_controls": {
                "battery_technology": 0.15,
                "semiconductor_chips": 0.2859477297061664,
                "rare_earth_materials": 0.3368070210482552,
                "manufacturing_equipment": 0.18047687943177093
            }
        },
        "regulatory_environment": {
            "emissions_standards": {
                "China_NEV": {
                    "compliance_cost": 0.25,
                    "timeline_pressure": 1.0
                },
                "EU_Green_Deal": {
                    "compliance_cost": 0.24431049016409512,
                    "timeline_pressure": 0.9980260037697923
                },
                "US_CAFE": {
                    "compliance_cost": 0.25,
                    "timeline_pressure": 0.9547679842893562
                },
                "Global_Paris_Accord": {
                    "compliance_cost": 0.25,
                    "timeline_pressure": 0.9580529056707209
                }
            },
            "safety_standards": {
                "UN_ECE": {
                    "compliance_level": 0.989491642132585,
                    "certification_cost": 0.14664953172975856
                },
                "NHTSA": {
                    "compliance_level": 1.0,
                    "certification_cost": 0.14529007281185868
                },
                "Euro_NCAP": {
                    "compliance_level": 0.9980143950593074,
                    "certification_cost": 0.14615184002395032
                },
                "China_CNCAP": {
                    "compliance_level": 0.9928738521598499,
                    "certification_cost": 0.14981743956861537
                }
            },
            "data_privacy": {
                "GDPR_Europe": {
                    "compliance_cost": 0.10245293008698433,
                    "risk_level": 0.343199273676405
                },
                "CCPA_California": {
                    "compliance_cost": 0.11295630388054864,
                    "risk_level": 0.6
                },
                "China_PIPL": {
                    "compliance_cost": 0.12,
                    "risk_level": 0.6
                }
            }
        },
        "geopolitical_risks": {
            "trade_war_escalation": {
                "probability": 0.7,
                "impact_severity": 0.699725048690519,
                "affected_regions": [
                    "United_States",
                    "Europe"
                ],
                "mitigation_strategies": [
                    "supply_chain_diversification",
                    "local_partnerships"
                ]
            },
            "technology_decoupling": {
                "probability": 0.7,
                "impact_severity": 0.7181141301934196,
                "affected_regions": [
                    "United_States"
                ],
                "mitigation_strategies": [
                    "indigenous_innovation",
                    "alternative_suppliers"
                ]
            },
            "sanctions_risk": {
                "probability": 0.7,
                "impact_severity": 0.8,
                "affected_regions": [
                    "United_States",
                    "Europe"
                ],
                "mitigation_strategies": [
                    "compliance_enhancement",
                    "legal_structuring"
                ]
            },
            "supply_chain_disruption": {
                "probability": 0.6848845312549541,
                "impact_severity": 0.32566358442108057,