{
    "timestamp": "2027-09-01T00:00:00",
    "type": "Geopolitical",
    "data": {
        "regional_markets": {
            "China": {
                "market_access": 0.5922828915102969,
                "regulatory_compliance": 1.0,
                "local_content_requirement": 0.4,
                "government_support": 0.1917133019480985,
                "political_stability": 0.6498149419258874,
                "trade_barriers": 0.717570796289445,
                "ev_incentives": 0.9866257996859635,
                "manufacturing_restrictions": 0.2
            },
            "United_States": {
                "market_access": 0.4895329595652463,
                "regulatory_compliance": 1.0,
                "local_content_requirement": 0.5,
                "government_support": 0.1,
                "political_stability": 0.6488810756521289,
                "trade_barriers": 0.8,
                "ev_incentives": 0.9525220622999504,
                "manufacturing_restrictions": 0.35
            },
            "Europe": {
                "market_access": 0.8733984130580311,
                "regulatory_compliance": 1.0,
                "local_content_requirement": 0.3,
                "government_support": 0.297831197699824,
                "political_stability": 0.8293314995023415,
                "trade_barriers": 0.7341117708779085,
                "ev_incentives": 0.8938835625757354,
                "manufacturing_restrictions": 0.15
            },
            "Southeast_Asia": {
                "market_access": 0.674447327714886,
                "regulatory_compliance": 0.9966730398127481,
                "local_content_requirement": 0.25,
                "government_support": 0.2971026876661684,
                "political_stability": 0.40939769618503363,
                "trade_barriers": 0.8,
                "ev_incentives": 0.9335931327450173,
                "manufacturing_restrictions": 0.1
            },
            "Latin_America": {
                "market_access": 0.5901474536145647,
                "regulatory_compliance": 1.0,
                "local_content_requirement": 0.35,
                "government_support": 0.1,
                "political_stability": 0.433234806131231,
                "trade_barriers": 0.8,
                "ev_incentives": 1.0,
                "manufacturing_restrictions": 0.25
            },
            "Middle_East_Africa": {
                "market_access": 0.28596540348141786,
                "regulatory_compliance": 0.9927756327916686,
                "local_content_requirement": 0.2,
                "government_support": 0.2765137001991378,
                "political_stability": 0.4163774109092485,
                "trade_barriers": 0.7891170434216286,
                "ev_incentives": 0.9068861886777648,
                "manufacturing_restrictions": 0.15
            }
        },
        "trade_policies": {
            "tariffs": {
                "US_Import": 0.403183295611138,
                "EU_Import": 0.053759161033906405,
                "ASEAN_Import": 0.16185792119000308,
                "RCEP_Benefit": 0.1390031817725331,
                "Belt_Road_Benefit": 0.08180071137939629
            },
            "trade_agreements": {
                "RCEP": {
                    "status": "active",
                    "benefit_level": 0.34000772911155014,
                    "coverage": [
                        "Southeast_Asia",
                        "China"
                    ],
                    "expiry_risk": 0.3
                },
                "Belt_Road_Initiative": {
                    "status": "expanding",
                    "benefit_level": 0.3688416309605865,
                    "coverage": [
                        "Middle_East_Africa",
                        "Latin_America",
                        "Southeast_Asia"
                    ],
                    "expiry_risk": 0.1
                },
                "CPTPP_Application": {
                    "status": "active",
                    "benefit_level": 0.4198186335499582,
                    "coverage": [
                        "Latin_America",
                        "Southeast_Asia"
                    ],
                    "approval_probability": 0.35
                }
            },
            "export_controls": {
                "battery_technology": 0.15,
                "semiconductor_chips": 0.2859477297061664,
                "rare_earth_materials": 0.3368070210482552,
                "manufacturing_equipment": 0.18047687943177093
            }
        },
        "regulatory_environment": {
            "emissions_standards": {
                "China_NEV": {
                    "compliance_cost": 0.25,
                    "timeline_pressure": 1.0
                },
                "EU_Green_Deal": {
                    "compliance_cost": 0.25,
                    "timeline_pressure": 0.9872313687422523
                },
                "US_CAFE": {
                    "compliance_cost": 0.25,
                    "timeline_pressure": 0.9981998738702503
                },
                "Global_Paris_Accord": {
                    "compliance_cost": 0.24886443777725334,
                    "timeline_pressure": 1.0
                }
            },
            "safety_standards": {
                "UN_ECE": {
                    "compliance_level": 0.9926258180723811,
                    "certification_cost": 0.15
                },
                "NHTSA": {
                    "compliance_level": 1.0,
                    "certification_cost": 0.15
                },
                "Euro_NCAP": {
                    "compliance_level": 0.9945297038232196,
                    "certification_cost": 0.15
                },
                "China_CNCAP": {
                    "compliance_level": 0.9962562248606286,
                    "certification_cost": 0.15
                }
            },
            "data_privacy": {
                "GDPR_Europe": {
                    "compliance_cost": 0.11122613475890562,
                    "risk_level": 0.3195920286620026
                },
                "CCPA_California": {
                    "compliance_cost": 0.12,
                    "risk_level": 0.6
                },
                "China_PIPL": {
                    "compliance_cost": 0.1123838299239471,
                    "risk_level": 0.5671745880713519
                }
            }
        },
        "geopolitical_risks": {
            "trade_war_escalation": {
                "probability": 0.7,
                "impact_severity": 0.702179041740914,
                "affected_regions": [
                    "United_States",
                    "Europe"
                ],
                "mitigation_strategies": [
                    "supply_chain_diversification",
                    "local_partnerships"
                ]
            },
            "technology_decoupling": {
                "probability": 0.7,
                "impact_severity": 0.7164189359108821,
                "affected_regions": [
                    "United_States"
                ],
                "mitigation_strategies": [
                    "indigenous_innovation",
                    "alternative_suppliers"
                ]
            },
            "sanctions_risk": {
                "probability": 0.6439949614530851,
                "impact_severity": 0.7765118792456084,
                "affected_regions": [
                    "United_States",
                    "Europe"
                ],
                "mitigation_strategies": [
                    "compliance_enhancement",
                    "legal_structuring"
                ]
            },
            "supply_chain_disruption": {
                "probability": 0.7,
                "impact_severity": 0.28397280881341663,
                "affected_regions": [
                    "Global"
                ],