{
    "timestamp": "2025-08-01T00:00:00",
    "type": "Geopolitical",
    "data": {
        "regional_markets": {
            "China": {
                "market_access": 0.9263176462866788,
                "regulatory_compliance": 1.0,
                "local_content_requirement": 0.4,
                "government_support": 0.5203129683241653,
                "political_stability": 0.889783609165736,
                "trade_barriers": 0.2946943893733135,
                "ev_incentives": 0.8834304376458582,
                "manufacturing_restrictions": 0.2
            },
            "United_States": {
                "market_access": 0.6251167677676406,
                "regulatory_compliance": 0.8819547636850648,
                "local_content_requirement": 0.5,
                "government_support": 0.5194176203246803,
                "political_stability": 0.7568632384938028,
                "trade_barriers": 0.6409844179023236,
                "ev_incentives": 0.6850938310762359,
                "manufacturing_restrictions": 0.35
            },
            "Europe": {
                "market_access": 0.8069134852962545,
                "regulatory_compliance": 0.92924839667075,
                "local_content_requirement": 0.3,
                "government_support": 0.45255583017792506,
                "political_stability": 0.8822921367233163,
                "trade_barriers": 0.33428706130966584,
                "ev_incentives": 0.9156042537442749,
                "manufacturing_restrictions": 0.15
            },
            "Southeast_Asia": {
                "market_access": 0.8946757446215294,
                "regulatory_compliance": 0.866064642708653,
                "local_content_requirement": 0.25,
                "government_support": 0.5319386175866994,
                "political_stability": 0.6559171708343092,
                "trade_barriers": 0.4130858992101628,
                "ev_incentives": 0.8664769649557591,
                "manufacturing_restrictions": 0.1
            },
            "Latin_America": {
                "market_access": 0.7394431118248225,
                "regulatory_compliance": 0.8656563935329239,
                "local_content_requirement": 0.35,
                "government_support": 0.4615477713375779,
                "political_stability": 0.6206735879022867,
                "trade_barriers": 0.4731239991899051,
                "ev_incentives": 0.5659033003260069,
                "manufacturing_restrictions": 0.25
            },
            "Middle_East_Africa": {
                "market_access": 0.6025012481239606,
                "regulatory_compliance": 0.6111372772872682,
                "local_content_requirement": 0.2,
                "government_support": 0.4108710207190278,
                "political_stability": 0.5033098555412227,
                "trade_barriers": 0.4178069618812036,
                "ev_incentives": 0.5037803360209119,
                "manufacturing_restrictions": 0.15
            }
        },
        "trade_policies": {
            "tariffs": {
                "US_Import": 0.25,
                "EU_Import": 0.1,
                "ASEAN_Import": 0.05,
                "RCEP_Benefit": -0.08,
                "Belt_Road_Benefit": -0.12
            },
            "trade_agreements": {
                "RCEP": {
                    "status": "active",
                    "benefit_level": 0.28305101065411264,
                    "coverage": [
                        "Southeast_Asia",
                        "China"
                    ],
                    "expiry_risk": 0.13557036139546838
                },
                "Belt_Road_Initiative": {
                    "status": "expanding",
                    "benefit_level": 0.30037948180559804,
                    "coverage": [
                        "Middle_East_Africa",
                        "Latin_America",
                        "Southeast_Asia"
                    ],
                    "expiry_risk": 0.1
                },
                "CPTPP_Application": {
                    "status": "pending",
                    "benefit_level": 0.28896226575203304,
                    "coverage": [
                        "Latin_America",
                        "Southeast_Asia"
                    ],
                    "approval_probability": 0.35
                }
            },
            "export_controls": {
                "battery_technology": 0.15,
                "semiconductor_chips": 0.25,
                "rare_earth_materials": 0.254709640702719,
                "manufacturing_equipment": 0.1
            }
        },
        "regulatory_environment": {
            "emissions_standards": {
                "China_NEV": {
                    "compliance_cost": 0.13482613096648982,
                    "timeline_pressure": 0.7556932641679138
                },
                "EU_Green_Deal": {
                    "compliance_cost": 0.17669861724912186,
                    "timeline_pressure": 0.9956964217073222
                },
                "US_CAFE": {
                    "compliance_cost": 0.1591992224048767,
                    "timeline_pressure": 0.6897082108531546
                },
                "Global_Paris_Accord": {
                    "compliance_cost": 0.25,
                    "timeline_pressure": 0.964114990436362
                }
            },
            "safety_standards": {
                "UN_ECE": {
                    "compliance_level": 0.9225608418715223,
                    "certification_cost": 0.09606816021487216
                },
                "NHTSA": {
                    "compliance_level": 0.9269144263448454,
                    "certification_cost": 0.12470398922312095
                },
                "Euro_NCAP": {
                    "compliance_level": 0.9037484103812982,
                    "certification_cost": 0.11099366933942674
                },
                "China_CNCAP": {
                    "compliance_level": 0.9758261246460617,
                    "certification_cost": 0.10080557046153654
                }
            },
            "data_privacy": {
                "GDPR_Europe": {
                    "compliance_cost": 0.10338249162042623,
                    "risk_level": 0.3331541293250444
                },
                "CCPA_California": {
                    "compliance_cost": 0.07137371956874551,
                    "risk_level": 0.24936567191467837
                },
                "China_PIPL": {
                    "compliance_cost": 0.06788958617066514,
                    "risk_level": 0.34456610338771665
                }
            }
        },
        "geopolitical_risks": {
            "trade_war_escalation": {
                "probability": 0.5301003347280571,
                "impact_severity": 0.5301676814057923,
                "affected_regions": [
                    "United_States",
                    "Europe"
                ],
                "mitigation_strategies": [
                    "supply_chain_diversification",
                    "local_partnerships"
                ]
            },
            "technology_decoupling": {
                "probability": 0.48160762745520214,
                "impact_severity": 0.45683937288311666,
                "affected_regions": [
                    "United_States"
                ],
                "mitigation_strategies": [
                    "indigenous_innovation",
                    "alternative_suppliers"
                ]
            },
            "sanctions_risk": {
                "probability": 0.3845233905134773,
                "impact_severity": 0.7035213114299953,
                "affected_regions": [
                    "United_States",
                    "Europe"
                ],
                "mitigation_strategies": [
                    "compliance_enhancement",
                    "legal_structuring"
                ]
            },