{
    "timestamp": "2025-05-01T00:00:00",
    "type": "Geopolitical",
    "data": {
        "regional_markets": {
            "China": {
                "market_access": 0.9659843861551869,
                "regulatory_compliance": 0.9958136476390025,
                "local_content_requirement": 0.4,
                "government_support": 0.5943028620867674,
                "political_stability": 0.8862041265068517,
                "trade_barriers": 0.2339487572747582,
                "ev_incentives": 0.8457104591151929,
                "manufacturing_restrictions": 0.2
            },
            "United_States": {
                "market_access": 0.5715764102241402,
                "regulatory_compliance": 0.8516386770332549,
                "local_content_requirement": 0.5,
                "government_support": 0.5308904182295512,
                "political_stability": 0.7772555037121754,
                "trade_barriers": 0.5651514246982835,
                "ev_incentives": 0.6327818164908062,
                "manufacturing_restrictions": 0.35
            },
            "Europe": {
                "market_access": 0.8335137059034926,
                "regulatory_compliance": 0.8653776076151143,
                "local_content_requirement": 0.3,
                "government_support": 0.5317081297355191,
                "political_stability": 0.9084388992565676,
                "trade_barriers": 0.30184462383192817,
                "ev_incentives": 1.0,
                "manufacturing_restrictions": 0.15
            },
            "Southeast_Asia": {
                "market_access": 0.9600070066771,
                "regulatory_compliance": 0.8325568216245807,
                "local_content_requirement": 0.25,
                "government_support": 0.5978131624029767,
                "political_stability": 0.6790678238691383,
                "trade_barriers": 0.2931037961153966,
                "ev_incentives": 0.8064388920252323,
                "manufacturing_restrictions": 0.1
            },
            "Latin_America": {
                "market_access": 0.7417422153627431,
                "regulatory_compliance": 0.8173789059262584,
                "local_content_requirement": 0.35,
                "government_support": 0.5802605361517178,
                "political_stability": 0.5838220916955451,
                "trade_barriers": 0.39908723667251733,
                "ev_incentives": 0.4271720785390923,
                "manufacturing_restrictions": 0.25
            },
            "Middle_East_Africa": {
                "market_access": 0.6943805843807109,
                "regulatory_compliance": 0.5955733132588819,
                "local_content_requirement": 0.2,
                "government_support": 0.5149813195355235,
                "political_stability": 0.527559201197999,
                "trade_barriers": 0.41244658007975304,
                "ev_incentives": 0.5174198394560251,
                "manufacturing_restrictions": 0.15
            }
        },
        "trade_policies": {
            "tariffs": {
                "US_Import": 0.25,
                "EU_Import": 0.1,
                "ASEAN_Import": 0.05,
                "RCEP_Benefit": -0.08,
                "Belt_Road_Benefit": -0.12
            },
            "trade_agreements": {
                "RCEP": {
                    "status": "active",
                    "benefit_level": 0.23265817061118446,
                    "coverage": [
                        "Southeast_Asia",
                        "China"
                    ],
                    "expiry_risk": 0.08443783574304385
                },
                "Belt_Road_Initiative": {
                    "status": "expanding",
                    "benefit_level": 0.28546959819099293,
                    "coverage": [
                        "Middle_East_Africa",
                        "Latin_America",
                        "Southeast_Asia"
                    ],
                    "expiry_risk": 0.1
                },
                "CPTPP_Application": {
                    "status": "pending",
                    "benefit_level": 0.27945503618481504,
                    "coverage": [
                        "Latin_America",
                        "Southeast_Asia"
                    ],
                    "approval_probability": 0.35
                }
            },
            "export_controls": {
                "battery_technology": 0.15,
                "semiconductor_chips": 0.25,
                "rare_earth_materials": 0.2,
                "manufacturing_equipment": 0.1
            }
        },
        "regulatory_environment": {
            "emissions_standards": {
                "China_NEV": {
                    "compliance_cost": 0.11158676692096757,
                    "timeline_pressure": 0.7520301761261797
                },
                "EU_Green_Deal": {
                    "compliance_cost": 0.1583160667020494,
                    "timeline_pressure": 1.0
                },
                "US_CAFE": {
                    "compliance_cost": 0.12862223075587476,
                    "timeline_pressure": 0.6931752263194851
                },
                "Global_Paris_Accord": {
                    "compliance_cost": 0.20156754686320166,
                    "timeline_pressure": 0.8884109336062402
                }
            },
            "safety_standards": {
                "UN_ECE": {
                    "compliance_level": 0.9197035103604676,
                    "certification_cost": 0.080005486195393
                },
                "NHTSA": {
                    "compliance_level": 0.9043306713386274,
                    "certification_cost": 0.1140843890928953
                },
                "Euro_NCAP": {
                    "compliance_level": 0.9049336053026904,
                    "certification_cost": 0.09281800629951588
                },
                "China_CNCAP": {
                    "compliance_level": 0.9647600411785925,
                    "certification_cost": 0.07632709845762796
                }
            },
            "data_privacy": {
                "GDPR_Europe": {
                    "compliance_cost": 0.10272710897584762,
                    "risk_level": 0.3149028499844293
                },
                "CCPA_California": {
                    "compliance_cost": 0.055380080112089114,
                    "risk_level": 0.2412663531769202
                },
                "China_PIPL": {
                    "compliance_cost": 0.079542706353536,
                    "risk_level": 0.260485604611406
                }
            }
        },
        "geopolitical_risks": {
            "trade_war_escalation": {
                "probability": 0.37904478613394843,
                "impact_severity": 0.47908942377125463,
                "affected_regions": [
                    "United_States",
                    "Europe"
                ],
                "mitigation_strategies": [
                    "supply_chain_diversification",
                    "local_partnerships"
                ]
            },
            "technology_decoupling": {
                "probability": 0.4262057811224121,
                "impact_severity": 0.5149359688061446,
                "affected_regions": [
                    "United_States"
                ],
                "mitigation_strategies": [
                    "indigenous_innovation",
                    "alternative_suppliers"
                ]
            },
            "sanctions_risk": {
                "probability": 0.1872373064043076,
                "impact_severity": 0.6375110614566639,
                "affected_regions": [
                    "United_States",
                    "Europe"
                ],
                "mitigation_strategies": [
                    "compliance_enhancement",
                    "legal_structuring"
                ]
            },