{
    "timestamp": "2026-10-01T00:00:00",
    "type": "Geopolitical",
    "data": {
        "regional_markets": {
            "China": {
                "market_access": 0.8124300941233302,
                "regulatory_compliance": 0.978591081644816,
                "local_content_requirement": 0.4,
                "government_support": 0.31415007014178986,
                "political_stability": 0.7354004236857459,
                "trade_barriers": 0.46446346385199566,
                "ev_incentives": 1.0,
                "manufacturing_restrictions": 0.2
            },
            "United_States": {
                "market_access": 0.4613492922682462,
                "regulatory_compliance": 1.0,
                "local_content_requirement": 0.5,
                "government_support": 0.20412786165026608,
                "political_stability": 0.7468164136466293,
                "trade_barriers": 0.8,
                "ev_incentives": 1.0,
                "manufacturing_restrictions": 0.35
            },
            "Europe": {
                "market_access": 0.841671077256284,
                "regulatory_compliance": 1.0,
                "local_content_requirement": 0.3,
                "government_support": 0.5018437021487685,
                "political_stability": 0.8301440601522659,
                "trade_barriers": 0.522279576814358,
                "ev_incentives": 0.9197353037454417,
                "manufacturing_restrictions": 0.15
            },
            "Southeast_Asia": {
                "market_access": 0.6791599779269114,
                "regulatory_compliance": 1.0,
                "local_content_requirement": 0.25,
                "government_support": 0.3664657583450879,
                "political_stability": 0.4792532843775568,
                "trade_barriers": 0.7214562408462362,
                "ev_incentives": 0.9927324531309362,
                "manufacturing_restrictions": 0.1
            },
            "Latin_America": {
                "market_access": 0.6619313629849165,
                "regulatory_compliance": 1.0,
                "local_content_requirement": 0.35,
                "government_support": 0.4223041546470552,
                "political_stability": 0.5536474214410406,
                "trade_barriers": 0.7347941949919543,
                "ev_incentives": 1.0,
                "manufacturing_restrictions": 0.25
            },
            "Middle_East_Africa": {
                "market_access": 0.3767146829950277,
                "regulatory_compliance": 0.8075660907500123,
                "local_content_requirement": 0.2,
                "government_support": 0.3692121487056342,
                "political_stability": 0.4365748675791919,
                "trade_barriers": 0.705647074285853,
                "ev_incentives": 0.7882140190503157,
                "manufacturing_restrictions": 0.15
            }
        },
        "trade_policies": {
            "tariffs": {
                "US_Import": 0.31703268886639846,
                "EU_Import": 0.053759161033906405,
                "ASEAN_Import": 0.05,
                "RCEP_Benefit": 0.07776723775367304,
                "Belt_Road_Benefit": 0.03356831793169207
            },
            "trade_agreements": {
                "RCEP": {
                    "status": "active",
                    "benefit_level": 0.3137341480142377,
                    "coverage": [
                        "Southeast_Asia",
                        "China"
                    ],
                    "expiry_risk": 0.2079884485629376
                },
                "Belt_Road_Initiative": {
                    "status": "expanding",
                    "benefit_level": 0.29768346024336123,
                    "coverage": [
                        "Middle_East_Africa",
                        "Latin_America",
                        "Southeast_Asia"
                    ],
                    "expiry_risk": 0.1
                },
                "CPTPP_Application": {
                    "status": "active",
                    "benefit_level": 0.3473664697472434,
                    "coverage": [
                        "Latin_America",
                        "Southeast_Asia"
                    ],
                    "approval_probability": 0.35
                }
            },
            "export_controls": {
                "battery_technology": 0.15,
                "semiconductor_chips": 0.2859477297061664,
                "rare_earth_materials": 0.254709640702719,
                "manufacturing_equipment": 0.18047687943177093
            }
        },
        "regulatory_environment": {
            "emissions_standards": {
                "China_NEV": {
                    "compliance_cost": 0.25,
                    "timeline_pressure": 1.0
                },
                "EU_Green_Deal": {
                    "compliance_cost": 0.25,
                    "timeline_pressure": 1.0
                },
                "US_CAFE": {
                    "compliance_cost": 0.25,
                    "timeline_pressure": 0.9276155267818676
                },
                "Global_Paris_Accord": {
                    "compliance_cost": 0.25,
                    "timeline_pressure": 1.0
                }
            },
            "safety_standards": {
                "UN_ECE": {
                    "compliance_level": 1.0,
                    "certification_cost": 0.15
                },
                "NHTSA": {
                    "compliance_level": 0.9675048485265542,
                    "certification_cost": 0.15
                },
                "Euro_NCAP": {
                    "compliance_level": 0.9816988795866046,
                    "certification_cost": 0.14622187362065814
                },
                "China_CNCAP": {
                    "compliance_level": 0.990862383551415,
                    "certification_cost": 0.15
                }
            },
            "data_privacy": {
                "GDPR_Europe": {
                    "compliance_cost": 0.11663667842375411,
                    "risk_level": 0.39746350477314063
                },
                "CCPA_California": {
                    "compliance_cost": 0.12,
                    "risk_level": 0.5037401739994498
                },
                "China_PIPL": {
                    "compliance_cost": 0.0989367039169515,
                    "risk_level": 0.4273230186867238
                }
            }
        },
        "geopolitical_risks": {
            "trade_war_escalation": {
                "probability": 0.6914932802894446,
                "impact_severity": 0.6874324463622934,
                "affected_regions": [
                    "United_States",
                    "Europe"
                ],
                "mitigation_strategies": [
                    "supply_chain_diversification",
                    "local_partnerships"
                ]
            },
            "technology_decoupling": {
                "probability": 0.596346715331788,
                "impact_severity": 0.6364198980892843,
                "affected_regions": [
                    "United_States"
                ],
                "mitigation_strategies": [
                    "indigenous_innovation",
                    "alternative_suppliers"
                ]
            },
            "sanctions_risk": {
                "probability": 0.5935274580228913,
                "impact_severity": 0.7492465328602838,
                "affected_regions": [
                    "United_States",
                    "Europe"
                ],
                "mitigation_strategies": [
                    "compliance_enhancement",
                    "legal_structuring"
                ]
            },
            "supply_chain_disruption": {
                "probability": 0.4704973222895775,
                "impact_severity": 0.275413234936605,