{
    "timestamp": "2027-04-01T00:00:00",
    "type": "Geopolitical",
    "data": {
        "regional_markets": {
            "China": {
                "market_access": 0.6495129018653195,
                "regulatory_compliance": 1.0,
                "local_content_requirement": 0.4,
                "government_support": 0.20759806281353071,
                "political_stability": 0.6651632912133479,
                "trade_barriers": 0.6021732661557182,
                "ev_incentives": 1.0,
                "manufacturing_restrictions": 0.2
            },
            "United_States": {
                "market_access": 0.44580973322368594,
                "regulatory_compliance": 0.9845813262550843,
                "local_content_requirement": 0.5,
                "government_support": 0.1,
                "political_stability": 0.7211462865751807,
                "trade_barriers": 0.8,
                "ev_incentives": 1.0,
                "manufacturing_restrictions": 0.35
            },
            "Europe": {
                "market_access": 0.8838452272647418,
                "regulatory_compliance": 0.9977552739744759,
                "local_content_requirement": 0.3,
                "government_support": 0.4328005593622695,
                "political_stability": 0.8172461408176829,
                "trade_barriers": 0.6342582214948649,
                "ev_incentives": 0.92302784029953,
                "manufacturing_restrictions": 0.15
            },
            "Southeast_Asia": {
                "market_access": 0.7523592764037237,
                "regulatory_compliance": 0.9957586190729433,
                "local_content_requirement": 0.25,
                "government_support": 0.29235294056752337,
                "political_stability": 0.4662878999878151,
                "trade_barriers": 0.8,
                "ev_incentives": 0.9636102090111498,
                "manufacturing_restrictions": 0.1
            },
            "Latin_America": {
                "market_access": 0.6661262159143304,
                "regulatory_compliance": 0.9818749066262527,
                "local_content_requirement": 0.35,
                "government_support": 0.42878085000208005,
                "political_stability": 0.503897652257468,
                "trade_barriers": 0.7935829908730189,
                "ev_incentives": 0.9869308909710425,
                "manufacturing_restrictions": 0.25
            },
            "Middle_East_Africa": {
                "market_access": 0.31362916227256854,
                "regulatory_compliance": 0.8944799774359895,
                "local_content_requirement": 0.2,
                "government_support": 0.2740715988009613,
                "political_stability": 0.4500206536572197,
                "trade_barriers": 0.7584314541353108,
                "ev_incentives": 0.8375782488309319,
                "manufacturing_restrictions": 0.15
            }
        },
        "trade_policies": {
            "tariffs": {
                "US_Import": 0.31703268886639846,
                "EU_Import": 0.053759161033906405,
                "ASEAN_Import": 0.1640613470015689,
                "RCEP_Benefit": 0.15008082685368762,
                "Belt_Road_Benefit": 0.08012848691335948
            },
            "trade_agreements": {
                "RCEP": {
                    "status": "active",
                    "benefit_level": 0.33395333491226237,
                    "coverage": [
                        "Southeast_Asia",
                        "China"
                    ],
                    "expiry_risk": 0.2719011185174505
                },
                "Belt_Road_Initiative": {
                    "status": "expanding",
                    "benefit_level": 0.286304000972183,
                    "coverage": [
                        "Middle_East_Africa",
                        "Latin_America",
                        "Southeast_Asia"
                    ],
                    "expiry_risk": 0.1
                },
                "CPTPP_Application": {
                    "status": "active",
                    "benefit_level": 0.47517639372296583,
                    "coverage": [
                        "Latin_America",
                        "Southeast_Asia"
                    ],
                    "approval_probability": 0.35
                }
            },
            "export_controls": {
                "battery_technology": 0.15,
                "semiconductor_chips": 0.2859477297061664,
                "rare_earth_materials": 0.30259540019834513,
                "manufacturing_equipment": 0.18047687943177093
            }
        },
        "regulatory_environment": {
            "emissions_standards": {
                "China_NEV": {
                    "compliance_cost": 0.24129682813787512,
                    "timeline_pressure": 1.0
                },
                "EU_Green_Deal": {
                    "compliance_cost": 0.25,
                    "timeline_pressure": 0.9252227325863953
                },
                "US_CAFE": {
                    "compliance_cost": 0.24444255508914078,
                    "timeline_pressure": 0.9632292636150124
                },
                "Global_Paris_Accord": {
                    "compliance_cost": 0.25,
                    "timeline_pressure": 1.0
                }
            },
            "safety_standards": {
                "UN_ECE": {
                    "compliance_level": 1.0,
                    "certification_cost": 0.15
                },
                "NHTSA": {
                    "compliance_level": 0.990819203690937,
                    "certification_cost": 0.14689467808491305
                },
                "Euro_NCAP": {
                    "compliance_level": 0.9937486789551331,
                    "certification_cost": 0.14632884637141724
                },
                "China_CNCAP": {
                    "compliance_level": 0.9905059261214813,
                    "certification_cost": 0.15
                }
            },
            "data_privacy": {
                "GDPR_Europe": {
                    "compliance_cost": 0.11913159149649212,
                    "risk_level": 0.3917745855149325
                },
                "CCPA_California": {
                    "compliance_cost": 0.12,
                    "risk_level": 0.5688108855246703
                },
                "China_PIPL": {
                    "compliance_cost": 0.10045611882437142,
                    "risk_level": 0.5225702818010813
                }
            }
        },
        "geopolitical_risks": {
            "trade_war_escalation": {
                "probability": 0.7,
                "impact_severity": 0.6667733151625761,
                "affected_regions": [
                    "United_States",
                    "Europe"
                ],
                "mitigation_strategies": [
                    "supply_chain_diversification",
                    "local_partnerships"
                ]
            },
            "technology_decoupling": {
                "probability": 0.7,
                "impact_severity": 0.6671288520026961,
                "affected_regions": [
                    "United_States"
                ],
                "mitigation_strategies": [
                    "indigenous_innovation",
                    "alternative_suppliers"
                ]
            },
            "sanctions_risk": {
                "probability": 0.6319217056933998,
                "impact_severity": 0.7902805796234329,
                "affected_regions": [
                    "United_States",
                    "Europe"
                ],
                "mitigation_strategies": [
                    "compliance_enhancement",
                    "legal_structuring"
                ]
            },
            "supply_chain_disruption": {
                "probability": 0.7,
                "impact_severity": 0.23371694241056087,