{
    "timestamp": "2026-05-01T00:00:00",
    "type": "Geopolitical",
    "data": {
        "regional_markets": {
            "China": {
                "market_access": 0.9022453498583661,
                "regulatory_compliance": 1.0,
                "local_content_requirement": 0.4,
                "government_support": 0.301263053977167,
                "political_stability": 0.7697101515463375,
                "trade_barriers": 0.4323665682767278,
                "ev_incentives": 0.9945211806972765,
                "manufacturing_restrictions": 0.2
            },
            "United_States": {
                "market_access": 0.4975909015083501,
                "regulatory_compliance": 1.0,
                "local_content_requirement": 0.5,
                "government_support": 0.24353593771351945,
                "political_stability": 0.7263902300727192,
                "trade_barriers": 0.7520071341130162,
                "ev_incentives": 1.0,
                "manufacturing_restrictions": 0.35
            },
            "Europe": {
                "market_access": 0.8001431273959239,
                "regulatory_compliance": 1.0,
                "local_content_requirement": 0.3,
                "government_support": 0.4507558479931259,
                "political_stability": 0.8570173983048608,
                "trade_barriers": 0.5043879345987644,
                "ev_incentives": 1.0,
                "manufacturing_restrictions": 0.15
            },
            "Southeast_Asia": {
                "market_access": 0.8354673025831292,
                "regulatory_compliance": 0.9410801089987253,
                "local_content_requirement": 0.25,
                "government_support": 0.360778491594418,
                "political_stability": 0.5919378992666606,
                "trade_barriers": 0.6249260806661584,
                "ev_incentives": 0.9836130918009196,
                "manufacturing_restrictions": 0.1
            },
            "Latin_America": {
                "market_access": 0.7075730985287176,
                "regulatory_compliance": 0.9610495605596754,
                "local_content_requirement": 0.35,
                "government_support": 0.3634258037930196,
                "political_stability": 0.5884698037211947,
                "trade_barriers": 0.6854563669199182,
                "ev_incentives": 0.8948190627107682,
                "manufacturing_restrictions": 0.25
            },
            "Middle_East_Africa": {
                "market_access": 0.4522568027824974,
                "regulatory_compliance": 0.7199504653426199,
                "local_content_requirement": 0.2,
                "government_support": 0.3735647894783791,
                "political_stability": 0.44087483347135953,
                "trade_barriers": 0.6509325996611406,
                "ev_incentives": 0.7918238431695699,
                "manufacturing_restrictions": 0.15
            }
        },
        "trade_policies": {
            "tariffs": {
                "US_Import": 0.31703268886639846,
                "EU_Import": 0.1,
                "ASEAN_Import": 0.05,
                "RCEP_Benefit": 0.019032647659644047,
                "Belt_Road_Benefit": -0.031538263075755676
            },
            "trade_agreements": {
                "RCEP": {
                    "status": "active",
                    "benefit_level": 0.30123335937417056,
                    "coverage": [
                        "Southeast_Asia",
                        "China"
                    ],
                    "expiry_risk": 0.2118011084847032
                },
                "Belt_Road_Initiative": {
                    "status": "expanding",
                    "benefit_level": 0.3105014323889985,
                    "coverage": [
                        "Middle_East_Africa",
                        "Latin_America",
                        "Southeast_Asia"
                    ],
                    "expiry_risk": 0.1
                },
                "CPTPP_Application": {
                    "status": "active",
                    "benefit_level": 0.32982136828102987,
                    "coverage": [
                        "Latin_America",
                        "Southeast_Asia"
                    ],
                    "approval_probability": 0.35
                }
            },
            "export_controls": {
                "battery_technology": 0.15,
                "semiconductor_chips": 0.25,
                "rare_earth_materials": 0.254709640702719,
                "manufacturing_equipment": 0.1728464163931338
            }
        },
        "regulatory_environment": {
            "emissions_standards": {
                "China_NEV": {
                    "compliance_cost": 0.25,
                    "timeline_pressure": 1.0
                },
                "EU_Green_Deal": {
                    "compliance_cost": 0.22270081340739104,
                    "timeline_pressure": 0.9977029285422144
                },
                "US_CAFE": {
                    "compliance_cost": 0.25,
                    "timeline_pressure": 0.7385187860152651
                },
                "Global_Paris_Accord": {
                    "compliance_cost": 0.25,
                    "timeline_pressure": 0.9967034049119881
                }
            },
            "safety_standards": {
                "UN_ECE": {
                    "compliance_level": 1.0,
                    "certification_cost": 0.1490478281284845
                },
                "NHTSA": {
                    "compliance_level": 0.9705238245746158,
                    "certification_cost": 0.14583052638844396
                },
                "Euro_NCAP": {
                    "compliance_level": 0.9483607300078267,
                    "certification_cost": 0.14531318391519465
                },
                "China_CNCAP": {
                    "compliance_level": 1.0,
                    "certification_cost": 0.14946480907639847
                }
            },
            "data_privacy": {
                "GDPR_Europe": {
                    "compliance_cost": 0.0980409937918108,
                    "risk_level": 0.3173006131349285
                },
                "CCPA_California": {
                    "compliance_cost": 0.09248950347512266,
                    "risk_level": 0.39942943501528105
                },
                "China_PIPL": {
                    "compliance_cost": 0.12,
                    "risk_level": 0.454477038817826
                }
            }
        },
        "geopolitical_risks": {
            "trade_war_escalation": {
                "probability": 0.7,
                "impact_severity": 0.655591225177828,
                "affected_regions": [
                    "United_States",
                    "Europe"
                ],
                "mitigation_strategies": [
                    "supply_chain_diversification",
                    "local_partnerships"
                ]
            },
            "technology_decoupling": {
                "probability": 0.4610297934150976,
                "impact_severity": 0.5642684067082679,
                "affected_regions": [
                    "United_States"
                ],
                "mitigation_strategies": [
                    "indigenous_innovation",
                    "alternative_suppliers"
                ]
            },
            "sanctions_risk": {
                "probability": 0.4705044179274102,
                "impact_severity": 0.7277080760272343,
                "affected_regions": [
                    "United_States",
                    "Europe"
                ],
                "mitigation_strategies": [
                    "compliance_enhancement",
                    "legal_structuring"
                ]
            },
            "supply_chain_disruption": {
                "probability": 0.508575594241439,