{
    "timestamp": "2027-12-01T00:00:00",
    "type": "Geopolitical",
    "data": {
        "regional_markets": {
            "China": {
                "market_access": 0.5465577392708199,
                "regulatory_compliance": 1.0,
                "local_content_requirement": 0.4,
                "government_support": 0.10043303291524995,
                "political_stability": 0.6572926773382065,
                "trade_barriers": 0.7788923486124497,
                "ev_incentives": 0.9463009387861195,
                "manufacturing_restrictions": 0.2
            },
            "United_States": {
                "market_access": 0.45934007571143076,
                "regulatory_compliance": 1.0,
                "local_content_requirement": 0.5,
                "government_support": 0.1,
                "political_stability": 0.6351036796126681,
                "trade_barriers": 0.8,
                "ev_incentives": 0.950964068069556,
                "manufacturing_restrictions": 0.35
            },
            "Europe": {
                "market_access": 0.8560690961180839,
                "regulatory_compliance": 0.9782706226327853,
                "local_content_requirement": 0.3,
                "government_support": 0.2894913411376212,
                "political_stability": 0.8405077806158388,
                "trade_barriers": 0.8,
                "ev_incentives": 0.9758699200934949,
                "manufacturing_restrictions": 0.15
            },
            "Southeast_Asia": {
                "market_access": 0.6772859999248853,
                "regulatory_compliance": 0.9859336231334828,
                "local_content_requirement": 0.25,
                "government_support": 0.26424440497403456,
                "political_stability": 0.40146735933861777,
                "trade_barriers": 0.8,
                "ev_incentives": 0.9292426670373997,
                "manufacturing_restrictions": 0.1
            },
            "Latin_America": {
                "market_access": 0.5403807553990858,
                "regulatory_compliance": 0.9959961517501704,
                "local_content_requirement": 0.35,
                "government_support": 0.1071181154347594,
                "political_stability": 0.433814070483838,
                "trade_barriers": 0.8,
                "ev_incentives": 0.9958829311864033,
                "manufacturing_restrictions": 0.25
            },
            "Middle_East_Africa": {
                "market_access": 0.35353450233473743,
                "regulatory_compliance": 0.9957207683574403,
                "local_content_requirement": 0.2,
                "government_support": 0.17754031882691287,
                "political_stability": 0.39854056186211806,
                "trade_barriers": 0.8,
                "ev_incentives": 0.9587449899109775,
                "manufacturing_restrictions": 0.15
            }
        },
        "trade_policies": {
            "tariffs": {
                "US_Import": 0.3647707343880586,
                "EU_Import": 0.053759161033906405,
                "ASEAN_Import": 0.16185792119000308,
                "RCEP_Benefit": 0.1390031817725331,
                "Belt_Road_Benefit": 0.10338241382805617
            },
            "trade_agreements": {
                "RCEP": {
                    "status": "active",
                    "benefit_level": 0.3728100524421827,
                    "coverage": [
                        "Southeast_Asia",
                        "China"
                    ],
                    "expiry_risk": 0.3
                },
                "Belt_Road_Initiative": {
                    "status": "expanding",
                    "benefit_level": 0.35354022019834425,
                    "coverage": [
                        "Middle_East_Africa",
                        "Latin_America",
                        "Southeast_Asia"
                    ],
                    "expiry_risk": 0.1
                },
                "CPTPP_Application": {
                    "status": "active",
                    "benefit_level": 0.38139197130675606,
                    "coverage": [
                        "Latin_America",
                        "Southeast_Asia"
                    ],
                    "approval_probability": 0.35
                }
            },
            "export_controls": {
                "battery_technology": 0.15,
                "semiconductor_chips": 0.2859477297061664,
                "rare_earth_materials": 0.3368070210482552,
                "manufacturing_equipment": 0.18047687943177093
            }
        },
        "regulatory_environment": {
            "emissions_standards": {
                "China_NEV": {
                    "compliance_cost": 0.25,
                    "timeline_pressure": 1.0
                },
                "EU_Green_Deal": {
                    "compliance_cost": 0.2459521702597579,
                    "timeline_pressure": 0.978970737021996
                },
                "US_CAFE": {
                    "compliance_cost": 0.25,
                    "timeline_pressure": 0.9140807325431015
                },
                "Global_Paris_Accord": {
                    "compliance_cost": 0.25,
                    "timeline_pressure": 0.9922982887268385
                }
            },
            "safety_standards": {
                "UN_ECE": {
                    "compliance_level": 0.9908587924168222,
                    "certification_cost": 0.15
                },
                "NHTSA": {
                    "compliance_level": 0.993452508181002,
                    "certification_cost": 0.15
                },
                "Euro_NCAP": {
                    "compliance_level": 0.9966430723801813,
                    "certification_cost": 0.15
                },
                "China_CNCAP": {
                    "compliance_level": 0.9942600422913203,
                    "certification_cost": 0.15
                }
            },
            "data_privacy": {
                "GDPR_Europe": {
                    "compliance_cost": 0.11120536748664236,
                    "risk_level": 0.41684862897800545
                },
                "CCPA_California": {
                    "compliance_cost": 0.12,
                    "risk_level": 0.6
                },
                "China_PIPL": {
                    "compliance_cost": 0.12,
                    "risk_level": 0.5940595727431452
                }
            }
        },
        "geopolitical_risks": {
            "trade_war_escalation": {
                "probability": 0.6253701872006255,
                "impact_severity": 0.736454048533748,
                "affected_regions": [
                    "United_States",
                    "Europe"
                ],
                "mitigation_strategies": [
                    "supply_chain_diversification",
                    "local_partnerships"
                ]
            },
            "technology_decoupling": {
                "probability": 0.6919551140231699,
                "impact_severity": 0.7809880376822024,
                "affected_regions": [
                    "United_States"
                ],
                "mitigation_strategies": [
                    "indigenous_innovation",
                    "alternative_suppliers"
                ]
            },
            "sanctions_risk": {
                "probability": 0.7,
                "impact_severity": 0.8,
                "affected_regions": [
                    "United_States",
                    "Europe"
                ],
                "mitigation_strategies": [
                    "compliance_enhancement",
                    "legal_structuring"
                ]
            },
            "supply_chain_disruption": {
                "probability": 0.7,
                "impact_severity": 0.38280536886843647,
                "affected_regions": [
                    "Global"
                ],